campaign_date,channel,region,impressions,clicks,spend,conversions,conversion_revenue
2025-10-01,Email,Northeast,67178,1766,671.79,77,13213.89
2025-10-01,Email,Southeast,42301,1430,423.01,108,14883.84
2025-10-01,Email,Midwest,38618,1603,386.18,112,19732.05
2025-10-01,Email,West,44623,2581,446.24,96,16333.14
2025-10-01,Social Media,Northeast,240702,12464,2407.02,477,43615.53
2025-10-01,Social Media,Southeast,166974,8171,1669.75,599,43604.93
2025-10-01,Social Media,Midwest,157801,2216,1578.02,88,11406.27
2025-10-01,Social Media,West,214512,9698,2145.12,267,46542.88
2025-10-01,Paid Search,Northeast,114512,5380,4294.2,507,89211.26
2025-10-01,Paid Search,Southeast,67037,2216,2513.91,61,10068.11
2025-10-01,Paid Search,Midwest,73093,1120,2741.01,72,11829.22
2025-10-01,Paid Search,West,89832,1443,3368.71,164,8039.77
2025-10-01,Display Ads,Northeast,409407,24032,2047.04,2285,437208.93
2025-10-01,Display Ads,Southeast,303716,6365,1518.58,427,67510.37
2025-10-01,Display Ads,Midwest,298999,8735,1495.0,1002,45706.75
2025-10-01,Display Ads,West,329447,3944,1647.24,220,43623.38
2025-10-02,Email,Northeast,50829,3013,508.3,332,49841.09
2025-10-02,Email,Southeast,41119,1380,411.19,123,6793.37
2025-10-02,Email,Midwest,41368,603,413.68,62,11559.38
2025-10-02,Email,West,64320,3057,643.21,237,11838.56
2025-10-02,Social Media,Northeast,238216,11441,2382.17,1093,48394.04
2025-10-02,Social Media,Southeast,160656,2314,1606.57,260,15119.75
2025-10-02,Social Media,Midwest,172098,5816,1720.99,630,38870.98
2025-10-02,Social Media,West,199014,9671,1990.14,276,18293.22
2025-10-02,Paid Search,Northeast,77763,4503,2916.14,195,23447.16
2025-10-02,Paid Search,Southeast,76133,4497,2855.0,410,55832.69
2025-10-02,Paid Search,Midwest,71698,1677,2688.68,174,9829.07
2025-10-02,Paid Search,West,92286,2284,3460.76,108,12160.59
2025-10-02,Display Ads,Northeast,315232,12480,1576.16,337,14494.33
2025-10-02,Display Ads,Southeast,256959,3725,1284.8,401,48786.93
2025-10-02,Display Ads,Midwest,289303,14162,1446.52,517,99375.34
2025-10-02,Display Ads,West,314727,10389,1573.64,715,108139.29
2025-10-03,Email,Northeast,66441,1308,664.41,134,14538.71
2025-10-03,Email,Southeast,45020,2395,450.21,256,45383.97
2025-10-03,Email,Midwest,41822,2329,418.23,227,44316.23
2025-10-03,Email,West,60606,3635,606.07,246,39330.25
2025-10-03,Social Media,Northeast,266993,9670,2669.94,681,70868.87
2025-10-03,Social Media,Southeast,229481,6638,2294.82,628,81575.51
2025-10-03,Social Media,Midwest,194898,4961,1948.98,138,20427.05
2025-10-03,Social Media,West,188763,5281,1887.63,518,24780.79
2025-10-03,Paid Search,Northeast,111783,4409,4191.87,335,49692.56
2025-10-03,Paid Search,Southeast,65822,731,2468.35,67,8967.5
2025-10-03,Paid Search,Midwest,76016,3888,2850.62,183,12032.52
2025-10-03,Paid Search,West,104505,1361,3918.97,97,13563.93
2025-10-03,Display Ads,Northeast,425536,6098,2127.68,550,28935.41
2025-10-03,Display Ads,Southeast,294456,12075,1472.28,1266,60192.27
2025-10-03,Display Ads,Midwest,296836,5177,1484.18,313,61659.02
2025-10-03,Display Ads,West,376264,5205,1881.32,106,4773.66
2025-10-04,Email,Northeast,46718,556,467.19,54,9135.8
2025-10-04,Email,Southeast,39446,2241,394.46,186,31991.79
2025-10-04,Email,Midwest,32039,1391,320.4,37,4739.83
2025-10-04,Email,West,46050,1354,460.51,123,8429.84
2025-10-04,Social Media,Northeast,166766,6182,1667.66,599,54865.57
2025-10-04,Social Media,Southeast,138251,2695,1382.51,209,39786.74
2025-10-04,Social Media,Midwest,120287,5168,1202.87,391,27878.06
2025-10-04,Social Media,West,166096,3419,1660.96,278,55336.43
2025-10-04,Paid Search,Northeast,62004,2692,2325.17,145,20746.87
2025-10-04,Paid Search,Southeast,49085,1719,1840.71,169,12524.61
2025-10-04,Paid Search,Midwest,47469,1010,1780.1,36,5300.18
2025-10-04,Paid Search,West,69763,2535,2616.12,164,14496.37
2025-10-04,Display Ads,Northeast,225723,12892,1128.62,876,130595.97
2025-10-04,Display Ads,Southeast,191441,3570,957.21,74,6463.12
2025-10-04,Display Ads,Midwest,182878,6595,914.39,538,81023.32
2025-10-04,Display Ads,West,265793,13315,1328.97,1181,199310.46
2025-10-05,Email,Northeast,42702,1436,427.03,160,29276.69
2025-10-05,Email,Southeast,33403,1782,334.03,112,17951.13
2025-10-05,Email,Midwest,25504,1013,255.05,116,12781.39
2025-10-05,Email,West,44208,1946,442.09,42,2194.02
2025-10-05,Social Media,Northeast,156616,9173,1566.16,786,106613.0
2025-10-05,Social Media,Southeast,160157,4405,1601.58,152,16921.43
2025-10-05,Social Media,Midwest,146565,2678,1465.65,185,16103.95
2025-10-05,Social Media,West,145207,2123,1452.08,235,19023.06
2025-10-05,Paid Search,Northeast,74971,1398,2811.42,87,3819.76
2025-10-05,Paid Search,Southeast,57981,2057,2174.3,129,9296.11
2025-10-05,Paid Search,Midwest,53187,626,1994.51,70,8208.61
2025-10-05,Paid Search,West,64334,2008,2412.55,44,1971.39
2025-10-05,Display Ads,Northeast,274744,9431,1373.72,450,56715.59
2025-10-05,Display Ads,Southeast,241169,8558,1205.85,614,81957.71
2025-10-05,Display Ads,Midwest,217243,2515,1086.22,217,28691.04
2025-10-05,Display Ads,West,250984,4578,1254.92,470,78478.81
2025-10-06,Email,Northeast,54657,3137,546.57,79,10053.87
2025-10-06,Email,Southeast,41729,810,417.3,67,10242.12
2025-10-06,Email,Midwest,44626,993,446.27,73,8157.96
2025-10-06,Email,West,52439,1600,524.39,105,10411.92
2025-10-06,Social Media,Northeast,203750,7099,2037.51,343,57237.33
2025-10-06,Social Media,Southeast,236437,11175,2364.38,592,68825.75
2025-10-06,Social Media,Midwest,197211,4230,1972.11,422,19857.25
2025-10-06,Social Media,West,261159,9884,2611.59,962,130906.24
2025-10-06,Paid Search,Northeast,109405,3408,4102.7,99,7222.2
2025-10-06,Paid Search,Southeast,87873,5200,3295.26,222,26172.32
2025-10-06,Paid Search,Midwest,80087,2021,3003.27,88,14279.89
2025-10-06,Paid Search,West,74508,1987,2794.06,157,18759.26
2025-10-06,Display Ads,Northeast,424631,14516,2123.16,884,61860.11
2025-10-06,Display Ads,Southeast,337965,4222,1689.83,91,8961.2
2025-10-06,Display Ads,Midwest,302917,6886,1514.59,459,25045.06
2025-10-06,Display Ads,West,300933,17146,1504.67,1816,100486.13
2025-10-07,Email,Northeast,70928,2370,709.28,79,7803.1
2025-10-07,Email,Southeast,59233,1135,592.34,109,20686.06
2025-10-07,Email,Midwest,52474,2506,524.75,281,16395.24
2025-10-07,Email,West,59290,3446,592.9,248,10527.99
2025-10-07,Social Media,Northeast,219844,7056,2198.45,432,67338.35
2025-10-07,Social Media,Southeast,173902,1796,1739.02,154,30497.79
2025-10-07,Social Media,Midwest,178810,7875,1788.1,716,105524.23
2025-10-07,Social Media,West,245890,2830,2458.91,255,27976.17
2025-10-07,Paid Search,Northeast,91635,4595,3436.31,151,28274.62
2025-10-07,Paid Search,Southeast,89983,4653,3374.39,520,38960.44
2025-10-07,Paid Search,Midwest,74699,4125,2801.21,306,45603.99
2025-10-07,Paid Search,West,74081,3213,2778.05,72,8785.7
2025-10-07,Display Ads,Northeast,291952,7415,1459.76,229,19238.37
2025-10-07,Display Ads,Southeast,255472,11265,1277.36,819,134176.22
2025-10-07,Display Ads,Midwest,303572,13808,1517.86,1109,136981.32
2025-10-07,Display Ads,West,365697,11551,1828.49,670,69404.59
2025-10-08,Email,Northeast,48598,993,485.98,81,8328.63
2025-10-08,Email,Southeast,48534,717,485.34,25,4499.31
2025-10-08,Email,Midwest,50406,1406,504.07,156,20505.12
2025-10-08,Email,West,60471,1068,604.71,123,13835.65
2025-10-08,Social Media,Northeast,205239,2737,2052.4,72,2891.75
2025-10-08,Social Media,Southeast,222145,11045,2221.45,517,45084.45
2025-10-08,Social Media,Midwest,209697,4532,2096.97,498,85539.52
2025-10-08,Social Media,West,212022,6964,2120.23,420,41004.39
2025-10-08,Paid Search,Northeast,103826,4561,3893.48,544,32216.07
2025-10-08,Paid Search,Southeast,73882,2692,2770.61,266,52884.59
2025-10-08,Paid Search,Midwest,81223,1195,3045.9,115,8607.6
2025-10-08,Paid Search,West,85576,1174,3209.13,26,2824.48
2025-10-08,Display Ads,Northeast,414450,10155,2072.25,232,34909.37
2025-10-08,Display Ads,Southeast,273506,3905,1367.53,157,28454.89
2025-10-08,Display Ads,Midwest,313267,10924,1566.34,738,111102.17
2025-10-08,Display Ads,West,309294,9050,1546.47,887,130103.85
2025-10-09,Email,Northeast,69305,2668,693.06,273,47393.44
2025-10-09,Email,Southeast,44739,1880,447.4,142,9328.83
2025-10-09,Email,Midwest,39955,1181,399.56,135,6133.86
2025-10-09,Email,West,65201,3748,652.01,225,31490.4
2025-10-09,Social Media,Northeast,221085,2679,2210.86,58,9099.82
2025-10-09,Social Media,Southeast,178324,6319,1783.25,307,12757.63
2025-10-09,Social Media,Midwest,172249,5686,1722.49,660,80754.39
2025-10-09,Social Media,West,261455,7854,2614.55,819,100534.47
2025-10-09,Paid Search,Northeast,77675,4350,2912.83,385,50967.07
2025-10-09,Paid Search,Southeast,77971,812,2923.93,87,4239.11
2025-10-09,Paid Search,Midwest,60701,2962,2276.31,146,13737.98
2025-10-09,Paid Search,West,80012,2668,3000.49,263,24514.79
2025-10-09,Display Ads,Northeast,306801,11517,1534.01,637,116677.82
2025-10-09,Display Ads,Southeast,247491,7655,1237.46,476,80672.47
2025-10-09,Display Ads,Midwest,236240,11699,1181.2,879,151852.59
2025-10-09,Display Ads,West,370470,13014,1852.35,1198,73807.38
2025-10-10,Email,Northeast,66101,1361,661.01,103,6857.08
2025-10-10,Email,Southeast,58951,1772,589.51,151,18301.59
2025-10-10,Email,Midwest,48411,955,484.11,92,9405.9
2025-10-10,Email,West,58122,3291,581.23,282,45365.38
2025-10-10,Social Media,Northeast,238970,8032,2389.71,893,103055.89
2025-10-10,Social Media,Southeast,163083,4176,1630.83,282,12027.9
2025-10-10,Social Media,Midwest,151065,5812,1510.66,216,41195.98
2025-10-10,Social Media,West,186620,4725,1866.21,138,13969.32
2025-10-10,Paid Search,Northeast,77162,3134,2893.59,106,6116.05
2025-10-10,Paid Search,Southeast,75290,1181,2823.39,53,10099.02
2025-10-10,Paid Search,Midwest,66767,3003,2503.8,257,37955.13
2025-10-10,Paid Search,West,86391,2767,3239.66,235,14822.66
2025-10-10,Display Ads,Northeast,294465,4500,1472.33,101,11548.3
2025-10-10,Display Ads,Southeast,250941,8176,1254.71,631,49507.02
2025-10-10,Display Ads,Midwest,288907,10253,1444.54,530,65794.01
2025-10-10,Display Ads,West,268423,10030,1342.12,372,71298.67
2025-10-11,Email,Northeast,42911,1561,429.12,64,3385.22
2025-10-11,Email,Southeast,30209,830,302.1,31,5638.09
2025-10-11,Email,Midwest,28957,903,289.57,52,5142.92
2025-10-11,Email,West,33548,1481,335.49,153,20009.63
2025-10-11,Social Media,Northeast,149984,7268,1499.85,170,25545.38
2025-10-11,Social Media,Southeast,136446,2670,1364.46,314,16240.91
2025-10-11,Social Media,Midwest,116952,5029,1169.52,122,19762.66
2025-10-11,Social Media,West,123270,2319,1232.71,249,11652.62
2025-10-11,Paid Search,Northeast,77119,1394,2891.98,81,7117.86
2025-10-11,Paid Search,Southeast,59397,2471,2227.39,91,7451.5
2025-10-11,Paid Search,Midwest,50184,2790,1881.92,189,27214.83
2025-10-11,Paid Search,West,69144,3033,2592.93,318,32089.95
2025-10-11,Display Ads,Northeast,275208,4112,1376.04,166,8305.36
2025-10-11,Display Ads,Southeast,239761,4480,1198.81,300,27865.2
2025-10-11,Display Ads,Midwest,172366,2868,861.83,182,21646.34
2025-10-11,Display Ads,West,233666,10252,1168.33,1103,138629.29
2025-10-12,Email,Northeast,42804,807,428.05,46,4099.07
2025-10-12,Email,Southeast,37859,617,378.59,41,3155.98
2025-10-12,Email,Midwest,36443,682,364.44,52,4719.18
2025-10-12,Email,West,40012,446,400.12,43,3696.9
2025-10-12,Social Media,Northeast,161044,6396,1610.44,723,94041.79
2025-10-12,Social Media,Southeast,141342,2032,1413.43,73,5010.75
2025-10-12,Social Media,Midwest,143930,1577,1439.3,159,14844.55
2025-10-12,Social Media,West,170578,5687,1705.78,634,64707.33
2025-10-12,Paid Search,Northeast,58175,1643,2181.58,130,8264.42
2025-10-12,Paid Search,Southeast,59156,3075,2218.38,63,12392.11
2025-10-12,Paid Search,Midwest,47104,1836,1766.42,206,28907.06
2025-10-12,Paid Search,West,72478,3400,2717.95,371,60572.75
2025-10-12,Display Ads,Northeast,252922,5497,1264.61,460,79844.95
2025-10-12,Display Ads,Southeast,172657,8681,863.29,533,39086.93
2025-10-12,Display Ads,Midwest,158722,7553,793.61,474,21826.43
2025-10-12,Display Ads,West,206665,2552,1033.33,122,8023.79
2025-10-13,Email,Northeast,58007,811,580.08,17,2510.33
2025-10-13,Email,Southeast,58835,2711,588.35,87,16870.23
2025-10-13,Email,Midwest,51058,2929,510.58,171,21142.84
2025-10-13,Email,West,57331,3424,573.31,391,35946.5
2025-10-13,Social Media,Northeast,194208,7692,1942.08,732,37629.38
2025-10-13,Social Media,Southeast,231207,3277,2312.08,291,48175.32
2025-10-13,Social Media,Midwest,214033,5150,2140.34,361,20572.64
2025-10-13,Social Media,West,237879,13835,2378.79,1567,66331.38
2025-10-13,Paid Search,Northeast,81560,4869,3058.54,551,87248.68
2025-10-13,Paid Search,Southeast,88534,2768,3320.06,229,42347.28
2025-10-13,Paid Search,Midwest,70482,2073,2643.08,100,11260.51
2025-10-13,Paid Search,West,91032,1941,3413.72,66,4997.95
2025-10-13,Display Ads,Northeast,305643,5314,1528.22,331,53646.96
2025-10-13,Display Ads,Southeast,287468,12605,1437.34,881,110930.89
2025-10-13,Display Ads,Midwest,316070,5535,1580.35,472,41234.67
2025-10-13,Display Ads,West,305482,12540,1527.41,1493,66613.88
2025-10-14,Email,Northeast,55205,3060,552.06,117,13232.38
2025-10-14,Email,Southeast,44703,748,447.04,67,12084.4
2025-10-14,Email,Midwest,47619,2170,476.2,106,18745.27
2025-10-14,Email,West,51467,1093,514.68,87,6041.33
2025-10-14,Social Media,Northeast,271795,8153,2717.95,874,124471.97
2025-10-14,Social Media,Southeast,237660,4389,2376.61,197,26955.39
2025-10-14,Social Media,Midwest,161362,6142,1613.63,278,40958.61
2025-10-14,Social Media,West,245808,13658,2458.08,1252,88712.04
2025-10-14,Paid Search,Northeast,86463,4816,3242.37,408,23719.42
2025-10-14,Paid Search,Southeast,85354,2097,3200.81,200,10271.96
2025-10-14,Paid Search,Midwest,81690,2026,3063.38,239,45965.55
2025-10-14,Paid Search,West,79550,4057,2983.15,244,47067.93
2025-10-14,Display Ads,Northeast,349573,15063,1747.87,1701,79765.42
2025-10-14,Display Ads,Southeast,301012,17285,1505.06,2001,373628.09
2025-10-14,Display Ads,Midwest,281589,13309,1407.95,1415,162089.13
2025-10-14,Display Ads,West,268056,13080,1340.28,1370,158276.65
2025-10-15,Email,Northeast,63204,775,632.04,87,10139.85
2025-10-15,Email,Southeast,43381,1086,433.81,49,4909.42
2025-10-15,Email,Midwest,43894,1969,438.95,201,11033.37
2025-10-15,Email,West,56639,2724,566.39,146,13731.98
2025-10-15,Social Media,Northeast,199640,7057,1996.4,232,33412.46
2025-10-15,Social Media,Southeast,161767,9266,1617.68,788,54195.8
2025-10-15,Social Media,Midwest,182083,4238,1820.83,272,46946.23
2025-10-15,Social Media,West,248999,9983,2490.0,907,120856.14
2025-10-15,Paid Search,Northeast,78343,4560,2937.88,149,24070.07
2025-10-15,Paid Search,Southeast,80106,4250,3004.01,185,29566.58
2025-10-15,Paid Search,Midwest,83273,1959,3122.75,94,16468.62
2025-10-15,Paid Search,West,86415,2597,3240.57,201,31851.01
2025-10-15,Display Ads,Northeast,289324,17126,1446.62,1123,45118.44
2025-10-15,Display Ads,Southeast,310207,9807,1551.04,553,72231.57
2025-10-15,Display Ads,Midwest,225417,9596,1127.09,497,75941.47
2025-10-15,Display Ads,West,300534,7790,1502.67,930,159706.86
2025-10-16,Email,Northeast,62943,1738,629.43,59,7982.22
2025-10-16,Email,Southeast,48711,2457,487.12,49,6511.68
2025-10-16,Email,Midwest,36576,1293,365.77,77,7765.63
2025-10-16,Email,West,45317,1110,453.18,35,2830.7
2025-10-16,Social Media,Northeast,264782,6142,2647.82,641,63995.58
2025-10-16,Social Media,Southeast,239470,3840,2394.71,287,17196.52
2025-10-16,Social Media,Midwest,194498,3538,1944.99,201,36234.55
2025-10-16,Social Media,West,198289,5969,1982.9,191,29408.32
2025-10-16,Paid Search,Northeast,97740,2732,3665.29,233,32549.53
2025-10-16,Paid Search,Southeast,92000,5185,3450.03,429,60758.55
2025-10-16,Paid Search,Midwest,61164,614,2293.67,21,2714.88
2025-10-16,Paid Search,West,99538,4405,3732.71,246,20679.59
2025-10-16,Display Ads,Northeast,419272,4900,2096.36,567,94019.25
2025-10-16,Display Ads,Southeast,260270,13346,1301.35,1098,122422.76
2025-10-16,Display Ads,Midwest,229662,13508,1148.31,887,145279.68
2025-10-16,Display Ads,West,275551,10382,1377.76,317,19822.28
2025-10-17,Email,Northeast,65493,2573,654.94,179,7964.16
2025-10-17,Email,Southeast,56506,2571,565.07,54,5332.65
2025-10-17,Email,Midwest,46747,1195,467.48,74,4800.29
2025-10-17,Email,West,60908,1452,609.09,159,16857.55
2025-10-17,Social Media,Northeast,282338,3803,2823.38,161,26142.64
2025-10-17,Social Media,Southeast,176517,2728,1765.17,158,26117.07
2025-10-17,Social Media,Midwest,194660,8880,1946.61,625,74945.85
2025-10-17,Social Media,West,202114,6252,2021.15,299,40308.85
2025-10-17,Paid Search,Northeast,112176,4887,4206.6,541,42828.82
2025-10-17,Paid Search,Southeast,80772,2257,3028.97,243,19858.48
2025-10-17,Paid Search,Midwest,72418,1295,2715.69,26,4795.94
2025-10-17,Paid Search,West,81675,1952,3062.83,211,12016.41
2025-10-17,Display Ads,Northeast,313980,4102,1569.9,335,27449.52
2025-10-17,Display Ads,Southeast,263402,15796,1317.01,1612,177407.34
2025-10-17,Display Ads,Midwest,285308,5089,1426.54,459,73503.66
2025-10-17,Display Ads,West,319582,14044,1597.91,738,39543.41
2025-10-18,Email,Northeast,37823,716,378.23,59,5677.08
2025-10-18,Email,Southeast,38637,1478,386.37,116,7339.59
2025-10-18,Email,Midwest,32200,945,322.01,76,14863.91
2025-10-18,Email,West,41771,2140,417.71,182,15353.66
2025-10-18,Social Media,Northeast,139435,5448,1394.35,168,7037.91
2025-10-18,Social Media,Southeast,117192,6995,1171.92,642,71642.87
2025-10-18,Social Media,Midwest,120907,2253,1209.07,163,21118.82
2025-10-18,Social Media,West,126070,1780,1260.71,81,8704.37
2025-10-18,Paid Search,Northeast,77324,4544,2899.65,114,19721.99
2025-10-18,Paid Search,Southeast,49987,1824,1874.54,182,19674.17
2025-10-18,Paid Search,Midwest,54865,2614,2057.47,131,10405.8
2025-10-18,Paid Search,West,73346,3209,2750.5,137,7069.32
2025-10-18,Display Ads,Northeast,246714,10263,1233.57,1055,58413.66
2025-10-18,Display Ads,Southeast,239828,4819,1199.14,369,72889.86
2025-10-18,Display Ads,Midwest,186249,5121,931.25,404,21449.96
2025-10-18,Display Ads,West,194765,9264,973.83,477,60455.34
2025-10-19,Email,Northeast,38380,1700,383.81,44,2232.54
2025-10-19,Email,Southeast,31668,1142,316.68,95,14034.66
2025-10-19,Email,Midwest,27566,682,275.66,70,12336.3
2025-10-19,Email,West,38714,2051,387.14,174,11736.3
2025-10-19,Social Media,Northeast,192102,3063,1921.02,107,17279.53
2025-10-19,Social Media,Southeast,161396,7538,1613.97,730,63806.98
2025-10-19,Social Media,Midwest,120702,6170,1207.02,362,21391.24
2025-10-19,Social Media,West,141222,2185,1412.22,113,9037.53
2025-10-19,Paid Search,Northeast,63143,1013,2367.9,116,6418.46
2025-10-19,Paid Search,Southeast,52095,2861,1953.57,214,25205.22
2025-10-19,Paid Search,Midwest,54834,3186,2056.29,157,20283.16
2025-10-19,Paid Search,West,60783,933,2279.4,60,3391.95
2025-10-19,Display Ads,Northeast,251061,12542,1255.31,1222,68068.47
2025-10-19,Display Ads,Southeast,200935,4898,1004.68,381,67269.75
2025-10-19,Display Ads,Midwest,198672,3721,993.36,87,5675.68
2025-10-19,Display Ads,West,220659,3939,1103.3,117,9781.48
2025-10-20,Email,Northeast,52067,2396,520.67,282,39923.14
2025-10-20,Email,Southeast,44102,796,441.03,95,16771.98
2025-10-20,Email,Midwest,44824,1970,448.24,228,34798.96
2025-10-20,Email,West,57518,2208,575.18,121,13396.96
2025-10-20,Social Media,Northeast,232791,9835,2327.92,861,39406.05
2025-10-20,Social Media,Southeast,225108,9629,2251.08,719,136366.07
2025-10-20,Social Media,Midwest,177096,4420,1770.96,180,16061.55
2025-10-20,Social Media,West,227584,8335,2275.85,476,63783.49
2025-10-20,Paid Search,Northeast,107753,5904,4040.77,699,57015.73
2025-10-20,Paid Search,Southeast,91899,2165,3446.23,146,7492.56
2025-10-20,Paid Search,Midwest,77199,3265,2894.96,304,54694.52
2025-10-20,Paid Search,West,75367,1070,2826.27,83,10438.4
2025-10-20,Display Ads,Northeast,325765,8967,1628.83,530,82655.15
2025-10-20,Display Ads,Southeast,297528,7466,1487.64,290,14007.88
2025-10-20,Display Ads,Midwest,280226,6096,1401.13,375,25642.44
2025-10-20,Display Ads,West,345723,19351,1728.62,1507,173796.39
2025-10-21,Email,Northeast,52580,1453,525.81,127,17839.25
2025-10-21,Email,Southeast,51099,2514,511.0,160,27913.37
2025-10-21,Email,Midwest,52734,1073,527.34,99,10676.3
2025-10-21,Email,West,65469,810,654.7,41,5347.41
2025-10-21,Social Media,Northeast,278844,5798,2788.44,198,34571.28
2025-10-21,Social Media,Southeast,189152,1951,1891.52,130,19986.53
2025-10-21,Social Media,Midwest,194787,8739,1947.87,976,143488.03
2025-10-21,Social Media,West,237841,13890,2378.41,1414,103894.8
2025-10-21,Paid Search,Northeast,79111,3622,2966.68,263,30440.19
2025-10-21,Paid Search,Southeast,90831,1630,3406.17,105,6662.03
2025-10-21,Paid Search,Midwest,74808,2833,2805.34,112,18166.8
2025-10-21,Paid Search,West,79251,1019,2971.95,50,8144.94
2025-10-21,Display Ads,Northeast,399237,11890,1996.19,1100,83276.51
2025-10-21,Display Ads,Southeast,268166,5378,1340.83,498,65951.09
2025-10-21,Display Ads,Midwest,295098,11548,1475.49,569,84706.21
2025-10-21,Display Ads,West,362472,6605,1812.36,423,51623.61
2025-10-22,Email,Northeast,65871,3866,658.71,178,8379.68
2025-10-22,Email,Southeast,41595,685,415.95,76,5384.7
2025-10-22,Email,Midwest,40985,1328,409.85,93,14910.49
2025-10-22,Email,West,58934,1054,589.34,53,7620.31
2025-10-22,Social Media,Northeast,224497,10928,2244.97,744,65795.76
2025-10-22,Social Media,Southeast,169726,1890,1697.26,150,15990.2
2025-10-22,Social Media,Midwest,181854,6243,1818.55,726,71983.99
2025-10-22,Social Media,West,223794,11241,2237.94,813,155511.67
2025-10-22,Paid Search,Northeast,88159,2942,3305.97,225,26838.42
2025-10-22,Paid Search,Southeast,79113,1379,2966.76,138,17203.04
2025-10-22,Paid Search,Midwest,84604,1785,3172.66,62,10588.98
2025-10-22,Paid Search,West,71691,1866,2688.43,162,14748.35
2025-10-22,Display Ads,Northeast,326717,6634,1633.59,594,80075.53
2025-10-22,Display Ads,Southeast,357090,4244,1785.45,175,27399.65
2025-10-22,Display Ads,Midwest,247258,14705,1236.29,429,42010.39
2025-10-22,Display Ads,West,267721,10436,1338.61,443,24686.95
2025-10-23,Email,Northeast,59173,3436,591.74,196,37210.94
2025-10-23,Email,Southeast,50877,2827,508.78,86,10536.31
2025-10-23,Email,Midwest,50240,2090,502.41,233,19045.95
2025-10-23,Email,West,49276,1996,492.77,212,24331.25
2025-10-23,Social Media,Northeast,215558,6826,2155.58,592,95942.64
2025-10-23,Social Media,Southeast,218921,5193,2189.21,481,66937.4
2025-10-23,Social Media,Midwest,167882,3840,1678.83,299,38606.14
2025-10-23,Social Media,West,259868,10923,2598.69,349,59276.35
2025-10-23,Paid Search,Northeast,89953,4236,3373.26,299,49497.04
2025-10-23,Paid Search,Southeast,81764,1663,3066.15,160,31086.45
2025-10-23,Paid Search,Midwest,62317,2377,2336.92,194,29262.69
2025-10-23,Paid Search,West,77970,3272,2923.89,159,26658.51
2025-10-23,Display Ads,Northeast,389376,4343,1946.88,468,59851.49
2025-10-23,Display Ads,Southeast,308201,5215,1541.01,341,34590.89
2025-10-23,Display Ads,Midwest,234548,2381,1172.74,144,7767.8
2025-10-23,Display Ads,West,362358,12284,1811.79,1266,165958.77
2025-10-24,Email,Northeast,58447,2425,584.47,54,5622.67
2025-10-24,Email,Southeast,57037,2195,570.38,137,25777.55
2025-10-24,Email,Midwest,48818,1481,488.19,156,14247.3
2025-10-24,Email,West,58149,3043,581.49,339,14782.4
2025-10-24,Social Media,Northeast,230572,3532,2305.72,233,29528.16
2025-10-24,Social Media,Southeast,182435,7003,1824.36,712,94974.82
2025-10-24,Social Media,Midwest,158256,3701,1582.56,255,15877.91
2025-10-24,Social Media,West,225417,7565,2254.18,693,32444.69
2025-10-24,Paid Search,Northeast,89719,2601,3364.46,268,16826.68
2025-10-24,Paid Search,Southeast,67664,2262,2537.42,235,23649.08
2025-10-24,Paid Search,Midwest,74349,2066,2788.1,93,9844.35
2025-10-24,Paid Search,West,85319,2590,3199.47,124,14308.47
2025-10-24,Display Ads,Northeast,322982,18503,1614.91,1994,202262.9
2025-10-24,Display Ads,Southeast,334556,6947,1672.78,400,71337.36
2025-10-24,Display Ads,Midwest,299243,17802,1496.22,1455,65502.46
2025-10-24,Display Ads,West,348000,8670,1740.0,469,28332.94
2025-10-25,Email,Northeast,49559,1873,495.59,186,24111.9
2025-10-25,Email,Southeast,39790,1241,397.91,27,1196.44
2025-10-25,Email,Midwest,30434,1657,304.35,184,19207.8
2025-10-25,Email,West,32483,337,324.83,31,5379.5
2025-10-25,Social Media,Northeast,176027,4121,1760.27,433,65898.3
2025-10-25,Social Media,Southeast,163315,8974,1633.16,669,43753.25
2025-10-25,Social Media,Midwest,136605,2580,1366.06,83,3727.02
2025-10-25,Social Media,West,123920,6040,1239.2,577,23127.65
2025-10-25,Paid Search,Northeast,66480,1487,2493.02,69,4262.01
2025-10-25,Paid Search,Southeast,50225,633,1883.44,33,5316.76
2025-10-25,Paid Search,Midwest,52864,1404,1982.4,100,11559.8
2025-10-25,Paid Search,West,61290,3411,2298.41,222,26435.59
2025-10-25,Display Ads,Northeast,274321,4280,1371.61,202,29387.5
2025-10-25,Display Ads,Southeast,197552,10818,987.76,529,89704.06
2025-10-25,Display Ads,Midwest,180536,4802,902.68,426,50400.86
2025-10-25,Display Ads,West,268359,4737,1341.8,449,42549.0
2025-10-26,Email,Northeast,33759,1863,337.6,63,8300.94
2025-10-26,Email,Southeast,38187,1102,381.87,97,10591.01
2025-10-26,Email,Midwest,36907,1764,369.08,155,7102.82
2025-10-26,Email,West,43117,1903,431.17,206,20328.78
2025-10-26,Social Media,Northeast,153721,6130,1537.21,443,76004.2
2025-10-26,Social Media,Southeast,114953,4529,1149.53,324,39354.25
2025-10-26,Social Media,Midwest,105323,2172,1053.23,197,22685.29
2025-10-26,Social Media,West,133185,6663,1331.85,374,30810.09
2025-10-26,Paid Search,Northeast,55520,2856,2082.01,242,17961.16
2025-10-26,Paid Search,Southeast,51759,1852,1940.98,185,27534.05
2025-10-26,Paid Search,Midwest,42071,2286,1577.66,124,17014.67
2025-10-26,Paid Search,West,58494,1170,2193.53,98,6703.18
2025-10-26,Display Ads,Northeast,258879,12477,1294.4,445,57081.75
2025-10-26,Display Ads,Southeast,204330,9461,1021.65,541,33968.32
2025-10-26,Display Ads,Midwest,166003,2859,830.02,296,40926.6
2025-10-26,Display Ads,West,248554,4902,1242.77,207,24479.86
2025-10-27,Email,Northeast,48176,906,481.76,38,6896.85
2025-10-27,Email,Southeast,42191,823,421.91,18,2482.39
2025-10-27,Email,Midwest,49966,1301,499.67,71,13274.09
2025-10-27,Email,West,44618,532,446.19,46,7944.93
2025-10-27,Social Media,Northeast,223175,6115,2231.75,552,61050.84
2025-10-27,Social Media,Southeast,163185,6053,1631.86,497,82137.12
2025-10-27,Social Media,Midwest,194003,6358,1940.04,145,10101.22
2025-10-27,Social Media,West,194051,6536,1940.52,661,80008.61
2025-10-27,Paid Search,Northeast,81648,4362,3061.83,344,47828.67
2025-10-27,Paid Search,Southeast,73918,1831,2771.93,50,7824.8
2025-10-27,Paid Search,Midwest,78293,1926,2935.99,148,15887.19
2025-10-27,Paid Search,West,73594,1720,2759.79,112,12821.65
2025-10-27,Display Ads,Northeast,335657,18133,1678.29,1322,200879.62
2025-10-27,Display Ads,Southeast,253626,11704,1268.13,409,33329.43
2025-10-27,Display Ads,Midwest,309751,14403,1548.76,351,66440.57
2025-10-27,Display Ads,West,314422,10313,1572.11,886,107886.21
2025-10-28,Email,Northeast,54347,1059,543.47,104,18709.04
2025-10-28,Email,Southeast,48780,2017,487.8,210,17421.14
2025-10-28,Email,Midwest,45957,728,459.57,79,10843.45
2025-10-28,Email,West,46057,2333,460.58,228,32154.19
2025-10-28,Social Media,Northeast,282042,11986,2820.43,446,60809.17
2025-10-28,Social Media,Southeast,223678,2322,2236.78,126,19369.69
2025-10-28,Social Media,Midwest,145725,6085,1457.25,477,67304.2
2025-10-28,Social Media,West,234340,2545,2343.4,232,9493.04
2025-10-28,Paid Search,Northeast,94366,1825,3538.75,175,17741.28
2025-10-28,Paid Search,Southeast,86490,4319,3243.39,419,59487.96
2025-10-28,Paid Search,Midwest,81017,2701,3038.17,172,22540.94
2025-10-28,Paid Search,West,81367,2949,3051.28,331,18823.54
2025-10-28,Display Ads,Northeast,301435,11049,1507.18,488,85813.7
2025-10-28,Display Ads,Southeast,287833,4718,1439.17,397,76200.2
2025-10-28,Display Ads,Midwest,275474,6834,1377.37,328,24806.79
2025-10-28,Display Ads,West,302751,15547,1513.76,431,76709.95
2025-10-29,Email,Northeast,67345,3251,673.46,89,13167.62
2025-10-29,Email,Southeast,51384,1341,513.84,62,5990.99
2025-10-29,Email,Midwest,53661,675,536.62,69,9749.97
2025-10-29,Email,West,63656,2774,636.57,216,13634.04
2025-10-29,Social Media,Northeast,208877,9521,2088.78,197,37714.52
2025-10-29,Social Media,Southeast,170844,8208,1708.44,920,153259.02
2025-10-29,Social Media,Midwest,144012,1684,1440.12,149,24709.86
2025-10-29,Social Media,West,187991,3968,1879.92,317,22435.97
2025-10-29,Paid Search,Northeast,95447,4608,3579.28,384,67194.15
2025-10-29,Paid Search,Southeast,95488,4308,3580.8,266,19045.77
2025-10-29,Paid Search,Midwest,74100,3029,2778.78,278,54457.57
2025-10-29,Paid Search,West,84483,3373,3168.14,232,27180.98
2025-10-29,Display Ads,Northeast,308651,17647,1543.26,1074,193738.97
2025-10-29,Display Ads,Southeast,344965,10251,1724.83,268,12346.88
2025-10-29,Display Ads,Midwest,256375,6667,1281.88,445,79127.2
2025-10-29,Display Ads,West,365672,13143,1828.36,443,28869.27
2025-10-30,Email,Northeast,50862,2586,508.62,160,7369.73
2025-10-30,Email,Southeast,49718,2083,497.19,46,3948.86
2025-10-30,Email,Midwest,49302,2846,493.03,106,13894.23
2025-10-30,Email,West,52316,1611,523.16,100,17683.81
2025-10-30,Social Media,Northeast,244972,6839,2449.72,346,65945.3
2025-10-30,Social Media,Southeast,222139,12342,2221.4,1114,155457.51
2025-10-30,Social Media,Midwest,160791,4493,1607.92,447,35306.5
2025-10-30,Social Media,West,255545,6454,2555.46,708,46959.94
2025-10-30,Paid Search,Northeast,83901,3285,3146.29,257,18001.42
2025-10-30,Paid Search,Southeast,74342,1533,2787.83,149,10692.8
2025-10-30,Paid Search,Midwest,64107,1428,2404.04,56,6975.16
2025-10-30,Paid Search,West,96929,2644,3634.84,251,37888.37
2025-10-30,Display Ads,Northeast,345739,10425,1728.7,734,126691.49
2025-10-30,Display Ads,Southeast,294814,14681,1474.07,1324,153032.92
2025-10-30,Display Ads,Midwest,253284,4883,1266.42,407,43469.84
2025-10-30,Display Ads,West,298599,13635,1493.0,1465,142643.35
2025-10-31,Email,Northeast,68607,3772,686.08,276,43565.56
2025-10-31,Email,Southeast,43442,612,434.43,19,971.63
2025-10-31,Email,Midwest,43103,1911,431.04,206,11918.91
2025-10-31,Email,West,46336,1819,463.37,134,19269.78
2025-10-31,Social Media,Northeast,267986,12024,2679.86,793,105007.06
2025-10-31,Social Media,Southeast,183728,2937,1837.28,121,6858.64
2025-10-31,Social Media,Midwest,179258,9556,1792.58,594,39343.12
2025-10-31,Social Media,West,238456,7981,2384.57,425,79008.02
2025-10-31,Paid Search,Northeast,111170,4741,4168.88,152,8806.79
2025-10-31,Paid Search,Southeast,84856,4847,3182.1,414,28736.69
2025-10-31,Paid Search,Midwest,75541,1774,2832.79,107,20411.55
2025-10-31,Paid Search,West,87437,3064,3278.9,133,7489.35
2025-10-31,Display Ads,Northeast,344336,14546,1721.68,1465,81739.5
2025-10-31,Display Ads,Southeast,275746,15858,1378.73,1213,56604.61
2025-10-31,Display Ads,Midwest,246019,8075,1230.1,268,18495.41
2025-10-31,Display Ads,West,394475,13179,1972.38,926,136125.63
2025-11-01,Email,Northeast,47781,2803,477.81,290,33760.75
2025-11-01,Email,Southeast,30954,721,309.55,33,6353.41
2025-11-01,Email,Midwest,35053,1691,350.53,107,8728.89
2025-11-01,Email,West,44266,2457,442.66,138,24280.94
2025-11-01,Social Media,Northeast,144366,6013,1443.67,623,93081.41
2025-11-01,Social Media,Southeast,138240,3181,1382.41,212,13784.26
2025-11-01,Social Media,Midwest,130140,5990,1301.41,313,28352.42
2025-11-01,Social Media,West,141666,6554,1416.67,132,18959.77
2025-11-01,Paid Search,Northeast,56868,1436,2132.57,119,5942.81
2025-11-01,Paid Search,Southeast,47670,829,1787.63,97,10030.48
2025-11-01,Paid Search,Midwest,40649,1375,1524.37,93,5287.9
2025-11-01,Paid Search,West,63700,1305,2388.77,28,4096.62
2025-11-01,Display Ads,Northeast,277157,11450,1385.79,314,55662.04
2025-11-01,Display Ads,Southeast,219378,5680,1096.89,531,47724.84
2025-11-01,Display Ads,Midwest,208408,3820,1042.04,266,27010.71
2025-11-01,Display Ads,West,274845,13252,1374.23,774,67449.05
2025-11-02,Email,Northeast,43737,1608,437.38,79,5963.29
2025-11-02,Email,Southeast,38701,1156,387.02,98,19258.01
2025-11-02,Email,Midwest,26608,859,266.08,58,6880.52
2025-11-02,Email,West,36589,811,365.9,62,7274.8
2025-11-02,Social Media,Northeast,199547,2458,1995.47,146,28253.16
2025-11-02,Social Media,Southeast,156851,9036,1568.51,615,29530.59
2025-11-02,Social Media,Midwest,118206,6612,1182.07,778,153538.52
2025-11-02,Social Media,West,149514,7090,1495.15,298,12403.84
2025-11-02,Paid Search,Northeast,56832,1969,2131.23,79,6199.25
2025-11-02,Paid Search,Southeast,65670,895,2462.64,45,4021.37
2025-11-02,Paid Search,Midwest,54852,2085,2056.99,112,10999.75
2025-11-02,Paid Search,West,70727,2328,2652.28,256,14763.12
2025-11-02,Display Ads,Northeast,233684,12129,1168.42,732,82837.53
2025-11-02,Display Ads,Southeast,185040,10358,925.2,393,22736.34
2025-11-02,Display Ads,Midwest,159465,4799,797.33,468,53122.93
2025-11-02,Display Ads,West,262754,8816,1313.77,792,75429.32
2025-11-03,Email,Northeast,71765,3406,717.65,248,11776.7
2025-11-03,Email,Southeast,48582,2898,485.82,199,16902.74
2025-11-03,Email,Midwest,44470,533,444.7,59,8687.76
2025-11-03,Email,West,55139,2429,551.4,91,16152.94
2025-11-03,Social Media,Northeast,222968,8885,2229.68,674,102123.44
2025-11-03,Social Media,Southeast,222825,8917,2228.25,424,41264.24
2025-11-03,Social Media,Midwest,163502,8222,1635.02,780,117333.89
2025-11-03,Social Media,West,244069,2567,2440.7,115,12823.99
2025-11-03,Paid Search,Northeast,82334,3218,3087.53,350,45249.38
2025-11-03,Paid Search,Southeast,75900,3445,2846.26,389,46060.49
2025-11-03,Paid Search,Midwest,67214,1544,2520.53,141,18503.78
2025-11-03,Paid Search,West,95623,4932,3585.88,114,19193.24
2025-11-03,Display Ads,Northeast,402207,10147,2011.04,1124,72943.71
2025-11-03,Display Ads,Southeast,333496,6825,1667.48,191,7701.59
2025-11-03,Display Ads,Midwest,314083,5634,1570.42,456,41971.76
2025-11-03,Display Ads,West,361133,3924,1805.67,385,38329.99
2025-11-04,Email,Northeast,67600,2129,676.01,231,10301.59
2025-11-04,Email,Southeast,41467,1754,414.67,47,7055.09
2025-11-04,Email,Midwest,41523,1008,415.23,71,11259.19
2025-11-04,Email,West,51797,2857,517.98,104,16659.57
2025-11-04,Social Media,Northeast,213745,11715,2137.45,282,49260.12
2025-11-04,Social Media,Southeast,167972,5214,1679.72,279,45074.91
2025-11-04,Social Media,Midwest,210582,8287,2105.83,420,34411.86
2025-11-04,Social Media,West,226674,3483,2266.75,118,17822.19
2025-11-04,Paid Search,Northeast,104632,1946,3923.73,150,10060.6
2025-11-04,Paid Search,Southeast,90273,3216,3385.26,271,39472.0
2025-11-04,Paid Search,Midwest,68881,1941,2583.06,169,33687.19
2025-11-04,Paid Search,West,92608,2022,3472.82,200,32518.02
2025-11-04,Display Ads,Northeast,325261,12019,1626.31,1346,87411.03
2025-11-04,Display Ads,Southeast,295887,14845,1479.44,823,108561.52
2025-11-04,Display Ads,Midwest,284260,10601,1421.3,857,81539.7
2025-11-04,Display Ads,West,338215,5853,1691.08,440,66344.45
2025-11-05,Email,Northeast,69000,1562,690.01,56,6084.78
2025-11-05,Email,Southeast,44701,2437,447.02,99,15028.23
2025-11-05,Email,Midwest,36861,1297,368.61,73,10302.0
2025-11-05,Email,West,54000,2162,540.01,165,23994.73
2025-11-05,Social Media,Northeast,263538,6225,2635.39,177,31145.29
2025-11-05,Social Media,Southeast,184266,10972,1842.66,843,151662.88
2025-11-05,Social Media,Midwest,181702,10870,1817.02,1232,98093.53
2025-11-05,Social Media,West,219482,5774,2194.83,369,42941.61
2025-11-05,Paid Search,Northeast,101480,4090,3805.5,191,26533.01
2025-11-05,Paid Search,Southeast,72649,1664,2724.35,144,20076.05
2025-11-05,Paid Search,Midwest,71538,3841,2682.7,364,18710.06
2025-11-05,Paid Search,West,87017,3678,3263.16,322,50565.56
2025-11-05,Display Ads,Northeast,399037,8402,1995.19,284,19236.77
2025-11-05,Display Ads,Southeast,301673,11945,1508.37,1019,112010.57
2025-11-05,Display Ads,Midwest,249582,3388,1247.91,75,13975.97
2025-11-05,Display Ads,West,316792,8218,1583.96,507,46390.14
2025-11-06,Email,Northeast,58379,2387,583.8,207,11123.48
2025-11-06,Email,Southeast,41621,1131,416.22,72,7987.97
2025-11-06,Email,Midwest,36064,1292,360.64,147,23104.02
2025-11-06,Email,West,47294,1644,472.95,64,10230.64
2025-11-06,Social Media,Northeast,229524,7200,2295.25,355,30322.24
2025-11-06,Social Media,Southeast,162411,8568,1624.12,369,39535.03
2025-11-06,Social Media,Midwest,188658,3132,1886.59,316,50186.36
2025-11-06,Social Media,West,216319,6149,2163.2,474,34912.46
2025-11-06,Paid Search,Northeast,97595,4165,3659.81,330,35729.87
2025-11-06,Paid Search,Southeast,66320,3005,2487.0,327,26802.88
2025-11-06,Paid Search,Midwest,64402,3758,2415.08,301,31342.91
2025-11-06,Paid Search,West,74317,3635,2786.9,401,34357.82
2025-11-06,Display Ads,Northeast,294169,7583,1470.85,624,86510.06
2025-11-06,Display Ads,Southeast,274892,14303,1374.46,1040,122046.91
2025-11-06,Display Ads,Midwest,227222,3837,1136.11,243,30145.81
2025-11-06,Display Ads,West,359262,10750,1796.31,231,16259.18
2025-11-07,Email,Northeast,61837,1726,618.38,93,16088.24
2025-11-07,Email,Southeast,53372,3179,533.73,352,26097.97
2025-11-07,Email,Midwest,49093,1187,490.94,106,18831.09
2025-11-07,Email,West,63100,2077,631.01,63,6727.54
2025-11-07,Social Media,Northeast,231771,2332,2317.72,53,5626.54
2025-11-07,Social Media,Southeast,228070,6954,2280.7,660,35096.31
2025-11-07,Social Media,Midwest,158245,1941,1582.45,75,13293.54
2025-11-07,Social Media,West,226522,5833,2265.23,316,26019.7
2025-11-07,Paid Search,Northeast,103830,3814,3893.64,271,51767.16
2025-11-07,Paid Search,Southeast,83392,3592,3127.22,92,18349.14
2025-11-07,Paid Search,Midwest,80072,3692,3002.73,271,52794.78
2025-11-07,Paid Search,West,99039,3350,3714.0,96,15041.34
2025-11-07,Display Ads,Northeast,326821,7348,1634.11,674,118618.41
2025-11-07,Display Ads,Southeast,282921,10942,1414.61,672,114820.36
2025-11-07,Display Ads,Midwest,219470,8500,1097.35,608,45206.42
2025-11-07,Display Ads,West,264053,5394,1320.27,515,62791.37
2025-11-08,Email,Northeast,39251,1637,392.52,150,10017.96
2025-11-08,Email,Southeast,33651,1791,336.51,57,3296.42
2025-11-08,Email,Midwest,31819,1847,318.2,199,39509.38
2025-11-08,Email,West,33974,853,339.75,35,2150.94
2025-11-08,Social Media,Northeast,179915,9225,1799.16,878,76320.91
2025-11-08,Social Media,Southeast,126128,2015,1261.29,99,19554.93
2025-11-08,Social Media,Midwest,139473,7865,1394.74,268,39199.74
2025-11-08,Social Media,West,179970,8459,1799.71,494,98632.73
2025-11-08,Paid Search,Northeast,73676,1727,2762.87,119,13861.27
2025-11-08,Paid Search,Southeast,47182,2559,1769.35,228,31458.72
2025-11-08,Paid Search,Midwest,58899,2638,2208.75,151,28692.87
2025-11-08,Paid Search,West,59066,594,2215.01,52,6615.56
2025-11-08,Display Ads,Northeast,265437,5870,1327.19,701,127956.17
2025-11-08,Display Ads,Southeast,245243,7572,1226.22,720,59625.75
2025-11-08,Display Ads,Midwest,193780,7453,968.9,676,60388.35
2025-11-08,Display Ads,West,195417,5516,977.09,163,20830.39
2025-11-09,Email,Northeast,34646,937,346.47,78,3261.15
2025-11-09,Email,Southeast,29138,1464,291.39,52,8426.0
2025-11-09,Email,Midwest,26604,1350,266.05,34,4468.6
2025-11-09,Email,West,46133,2569,461.33,273,14778.01
2025-11-09,Social Media,Northeast,147256,4689,1472.57,145,13303.68
2025-11-09,Social Media,Southeast,118648,6149,1186.49,230,17058.43
2025-11-09,Social Media,Midwest,141868,4287,1418.68,414,61678.44
2025-11-09,Social Media,West,134417,2982,1344.17,280,42737.49
2025-11-09,Paid Search,Northeast,79625,1988,2985.96,199,30097.42
2025-11-09,Paid Search,Southeast,60597,1627,2272.42,118,22882.98
2025-11-09,Paid Search,Midwest,53503,2884,2006.37,266,41374.63
2025-11-09,Paid Search,West,72672,3152,2725.21,126,10400.58
2025-11-09,Display Ads,Northeast,236910,12613,1184.55,1367,186431.79
2025-11-09,Display Ads,Southeast,169631,5584,848.16,150,18424.43
2025-11-09,Display Ads,Midwest,189742,4864,948.71,266,30461.31
2025-11-09,Display Ads,West,257568,3980,1287.84,314,48303.29
2025-11-10,Email,Northeast,58599,2851,586.0,74,5829.18
2025-11-10,Email,Southeast,47789,2084,477.89,82,5309.01
2025-11-10,Email,Midwest,47458,2487,474.59,146,25445.42
2025-11-10,Email,West,54695,3047,546.95,294,26663.14
2025-11-10,Social Media,Northeast,239845,6606,2398.45,555,23480.29
2025-11-10,Social Media,Southeast,190646,3265,1906.46,266,49755.75
2025-11-10,Social Media,Midwest,201740,2349,2017.4,260,38967.25
2025-11-10,Social Media,West,222915,7649,2229.16,679,129245.65
2025-11-10,Paid Search,Northeast,112239,5747,4208.99,491,28935.04
2025-11-10,Paid Search,Southeast,69449,2859,2604.36,254,21231.17
2025-11-10,Paid Search,Midwest,60502,3309,2268.84,214,40955.76
2025-11-10,Paid Search,West,104018,1924,3900.7,120,6098.85
2025-11-10,Display Ads,Northeast,301144,4866,1505.72,375,63387.64
2025-11-10,Display Ads,Southeast,284077,15905,1420.39,556,47945.66
2025-11-10,Display Ads,Midwest,286232,6705,1431.16,443,87581.9
2025-11-10,Display Ads,West,343234,15202,1716.17,1043,86618.22
2025-11-11,Email,Northeast,69348,2384,693.48,97,13083.58
2025-11-11,Email,Southeast,44196,558,441.97,40,7227.78
2025-11-11,Email,Midwest,47093,1149,470.94,53,10095.46
2025-11-11,Email,West,48070,2612,480.71,279,24125.76
2025-11-11,Social Media,Northeast,243678,8471,2436.79,964,125586.15
2025-11-11,Social Media,Southeast,199055,4043,1990.55,306,23642.04
2025-11-11,Social Media,Midwest,158953,2854,1589.53,138,9718.76
2025-11-11,Social Media,West,177806,8007,1778.07,828,137627.62
2025-11-11,Paid Search,Northeast,91998,2357,3449.96,266,25835.74
2025-11-11,Paid Search,Southeast,87356,2698,3275.87,96,18730.16
2025-11-11,Paid Search,Midwest,75862,3074,2844.83,187,9632.05
2025-11-11,Paid Search,West,89457,1937,3354.66,59,11527.9
2025-11-11,Display Ads,Northeast,408790,8310,2043.95,784,84551.83
2025-11-11,Display Ads,Southeast,303956,9473,1519.78,819,93736.88
2025-11-11,Display Ads,Midwest,243474,4137,1217.37,212,26367.3
2025-11-11,Display Ads,West,278940,3183,1394.7,343,50852.93
2025-11-12,Email,Northeast,70155,2985,701.56,79,5726.21
2025-11-12,Email,Southeast,56417,2170,564.17,57,6793.9
2025-11-12,Email,Midwest,48563,2453,485.63,214,28493.68
2025-11-12,Email,West,51605,1132,516.06,105,14882.43
2025-11-12,Social Media,Northeast,266066,15642,2660.67,1419,108805.23
2025-11-12,Social Media,Southeast,239040,2506,2390.41,187,31824.12
2025-11-12,Social Media,Midwest,205560,2174,2055.6,140,8537.48
2025-11-12,Social Media,West,220234,2372,2202.34,197,34599.18
2025-11-12,Paid Search,Northeast,86060,2994,3227.26,334,53777.67
2025-11-12,Paid Search,Southeast,75018,3589,2813.19,309,47701.03
2025-11-12,Paid Search,Midwest,74585,901,2796.95,97,18301.76
2025-11-12,Paid Search,West,88956,2539,3335.88,190,24779.15
2025-11-12,Display Ads,Northeast,376820,10702,1884.1,654,56458.18
2025-11-12,Display Ads,Southeast,306514,3190,1532.57,332,46345.99
2025-11-12,Display Ads,Midwest,247917,8723,1239.59,1038,187323.82
2025-11-12,Display Ads,West,335618,6946,1678.09,184,27106.29
2025-11-13,Email,Northeast,69881,2749,698.82,177,31255.97
2025-11-13,Email,Southeast,49389,2548,493.89,158,12416.31
2025-11-13,Email,Midwest,41682,914,416.83,24,1998.88
2025-11-13,Email,West,52682,3051,526.82,113,19788.08
2025-11-13,Social Media,Northeast,261296,6214,2612.96,351,66932.13
2025-11-13,Social Media,Southeast,206878,7878,2068.78,411,33474.45
2025-11-13,Social Media,Midwest,151886,6995,1518.86,398,39427.24
2025-11-13,Social Media,West,212322,6473,2123.23,296,37733.54
2025-11-13,Paid Search,Northeast,86470,1816,3242.65,175,11691.81
2025-11-13,Paid Search,Southeast,89792,1705,3367.24,71,12473.36
2025-11-13,Paid Search,Midwest,84830,1616,3181.14,151,15834.38
2025-11-13,Paid Search,West,99198,2696,3719.95,105,14159.71
2025-11-13,Display Ads,Northeast,303015,16701,1515.08,1521,74383.62
2025-11-13,Display Ads,Southeast,252306,10407,1261.53,353,51333.32
2025-11-13,Display Ads,Midwest,245909,9680,1229.55,842,156974.62
2025-11-13,Display Ads,West,322742,4555,1613.71,318,23248.97
2025-11-14,Email,Northeast,48368,1872,483.69,106,20195.55
2025-11-14,Email,Southeast,53141,2236,531.42,170,23216.78
2025-11-14,Email,Midwest,52193,1437,521.93,167,14380.62
2025-11-14,Email,West,60495,3337,604.95,137,8283.6
2025-11-14,Social Media,Northeast,281282,4525,2812.83,188,24741.32
2025-11-14,Social Media,Southeast,211548,5775,2115.48,543,91329.35
2025-11-14,Social Media,Midwest,172563,3412,1725.64,156,21067.58
2025-11-14,Social Media,West,196488,6581,1964.89,644,117675.49
2025-11-14,Paid Search,Northeast,106164,3627,3981.16,112,18106.4
2025-11-14,Paid Search,Southeast,69921,2844,2622.07,109,19706.93
2025-11-14,Paid Search,Midwest,84007,3668,3150.3,180,33473.14
2025-11-14,Paid Search,West,81931,2486,3072.43,86,8895.25
2025-11-14,Display Ads,Northeast,375412,3925,1877.06,202,21507.42
2025-11-14,Display Ads,Southeast,303853,4082,1519.27,168,19022.17
2025-11-14,Display Ads,Midwest,245815,2642,1229.08,121,9972.48
2025-11-14,Display Ads,West,374221,20171,1871.11,2230,271407.14
2025-11-15,Email,Northeast,45909,2059,459.1,59,7619.66
2025-11-15,Email,Southeast,31606,799,316.07,69,8308.38
2025-11-15,Email,Midwest,29196,1432,291.97,76,14447.19
2025-11-15,Email,West,32517,843,325.18,22,3888.53
2025-11-15,Social Media,Northeast,170582,4652,1705.83,276,20770.2
2025-11-15,Social Media,Southeast,126724,2147,1267.25,139,23526.26
2025-11-15,Social Media,Midwest,112081,6183,1120.82,160,26188.8
2025-11-15,Social Media,West,139667,2449,1396.68,247,36948.03
2025-11-15,Paid Search,Northeast,62925,2753,2359.7,227,10496.24
2025-11-15,Paid Search,Southeast,51601,1297,1935.06,46,9080.32
2025-11-15,Paid Search,Midwest,52036,1404,1951.38,30,1387.99
2025-11-15,Paid Search,West,56282,1769,2110.6,137,16466.1
2025-11-15,Display Ads,Northeast,274557,12497,1372.79,1250,184033.37
2025-11-15,Display Ads,Southeast,200449,11954,1002.25,893,67693.16
2025-11-15,Display Ads,Midwest,188315,6380,941.58,638,81278.66
2025-11-15,Display Ads,West,256730,7137,1283.65,261,36941.29
2025-11-16,Email,Northeast,48418,2724,484.18,85,5262.67
2025-11-16,Email,Southeast,40780,1599,407.81,128,21925.31
2025-11-16,Email,Midwest,31106,768,311.07,50,7531.32
2025-11-16,Email,West,37231,979,372.32,101,6397.41
2025-11-16,Social Media,Northeast,197496,5050,1974.96,311,19036.68
2025-11-16,Social Media,Southeast,136544,4915,1365.45,170,9626.34
2025-11-16,Social Media,Midwest,118733,1233,1187.33,102,9401.31
2025-11-16,Social Media,West,130634,6143,1306.34,713,76326.91
2025-11-16,Paid Search,Northeast,64331,2251,2412.43,235,14151.25
2025-11-16,Paid Search,Southeast,52814,1938,1980.54,76,9817.6
2025-11-16,Paid Search,Midwest,57714,591,2164.28,58,5302.33
2025-11-16,Paid Search,West,59005,1826,2212.71,72,12165.89
2025-11-16,Display Ads,Northeast,270594,8076,1352.97,917,42260.65
2025-11-16,Display Ads,Southeast,201276,6475,1006.38,240,40889.76
2025-11-16,Display Ads,Midwest,188047,7915,940.24,478,54962.56
2025-11-16,Display Ads,West,275452,15817,1377.26,341,64254.59
2025-11-17,Email,Northeast,65640,865,656.41,71,11701.87
2025-11-17,Email,Southeast,59482,2440,594.83,77,3331.62
2025-11-17,Email,Midwest,50058,2491,500.59,238,10877.01
2025-11-17,Email,West,49752,2627,497.52,171,8080.69
2025-11-17,Social Media,Northeast,232655,13956,2326.56,1037,94965.44
2025-11-17,Social Media,Southeast,176263,7026,1762.64,630,122588.85
2025-11-17,Social Media,Midwest,145502,4290,1455.03,255,24837.02
2025-11-17,Social Media,West,212460,7592,2124.61,575,57033.95
2025-11-17,Paid Search,Northeast,76902,902,2883.85,71,7927.06
2025-11-17,Paid Search,Southeast,91235,4420,3421.31,161,20248.19
2025-11-17,Paid Search,Midwest,61089,2983,2290.87,117,18979.71
2025-11-17,Paid Search,West,93409,1606,3502.86,63,12420.95
2025-11-17,Display Ads,Northeast,411427,14666,2057.14,541,88331.14
2025-11-17,Display Ads,Southeast,358314,19204,1791.57,2153,86920.23
2025-11-17,Display Ads,Midwest,307834,18437,1539.17,785,49406.68
2025-11-17,Display Ads,West,285520,10260,1427.6,1041,173101.09
2025-11-18,Email,Northeast,60629,2741,606.29,112,19779.71
2025-11-18,Email,Southeast,48373,1444,483.74,99,9034.29
2025-11-18,Email,Midwest,47086,2291,470.86,184,22337.18
2025-11-18,Email,West,58694,2634,586.95,267,21514.98
2025-11-18,Social Media,Northeast,244292,6662,2442.92,345,18700.43
2025-11-18,Social Media,Southeast,164482,9165,1644.83,261,39372.58
2025-11-18,Social Media,Midwest,204265,10985,2042.65,1120,215745.28
2025-11-18,Social Media,West,251541,4161,2515.41,246,21258.72
2025-11-18,Paid Search,Northeast,83570,3489,3133.88,202,31453.86
2025-11-18,Paid Search,Southeast,70983,2742,2661.9,70,3229.25
2025-11-18,Paid Search,Midwest,61361,1583,2301.07,155,11464.15
2025-11-18,Paid Search,West,79779,3821,2991.72,160,30869.37
2025-11-18,Display Ads,Northeast,353217,9216,1766.09,1004,79985.79
2025-11-18,Display Ads,Southeast,340829,8586,1704.15,737,124515.3
2025-11-18,Display Ads,Midwest,305799,12095,1529.0,940,168830.71
2025-11-18,Display Ads,West,340551,8605,1702.76,422,59679.66
2025-11-19,Email,Northeast,53242,661,532.43,71,11213.85
2025-11-19,Email,Southeast,45309,1673,453.1,101,4584.4
2025-11-19,Email,Midwest,39767,1156,397.67,54,2678.93
2025-11-19,Email,West,61392,2610,613.92,270,52027.44
2025-11-19,Social Media,Northeast,199957,11194,1999.58,1153,82280.4
2025-11-19,Social Media,Southeast,208327,7983,2083.27,890,133911.4
2025-11-19,Social Media,Midwest,160797,1686,1607.97,190,7838.54
2025-11-19,Social Media,West,242235,12812,2422.35,802,145638.59
2025-11-19,Paid Search,Northeast,85433,1443,3203.75,116,8090.29
2025-11-19,Paid Search,Southeast,90625,4155,3398.45,204,37648.01
2025-11-19,Paid Search,Midwest,76794,2510,2879.8,200,15690.64
2025-11-19,Paid Search,West,86336,1105,3237.63,47,6009.23
2025-11-19,Display Ads,Northeast,303286,12607,1516.43,1509,197985.07
2025-11-19,Display Ads,Southeast,347511,13499,1737.56,527,75282.32
2025-11-19,Display Ads,Midwest,306937,7075,1534.69,507,27039.39
2025-11-19,Display Ads,West,395821,7573,1979.11,905,180687.36
2025-11-20,Email,Northeast,70513,2356,705.13,150,27008.64
2025-11-20,Email,Southeast,47790,1749,477.9,122,13767.73
2025-11-20,Email,Midwest,53106,2005,531.06,63,8778.01
2025-11-20,Email,West,65346,874,653.47,75,14727.4
2025-11-20,Social Media,Northeast,258419,4573,2584.2,479,46117.45
2025-11-20,Social Media,Southeast,196868,5338,1968.69,208,40386.86
2025-11-20,Social Media,Midwest,161057,7564,1610.57,374,53802.5
2025-11-20,Social Media,West,227291,6394,2272.92,749,92271.86
2025-11-20,Paid Search,Northeast,98952,3920,3710.72,399,75632.19
2025-11-20,Paid Search,Southeast,84210,4750,3157.88,534,34672.28
2025-11-20,Paid Search,Midwest,79438,3616,2978.95,421,17847.19
2025-11-20,Paid Search,West,73979,1285,2774.23,42,5912.17
2025-11-20,Display Ads,Northeast,411745,24567,2058.73,1248,164896.67
2025-11-20,Display Ads,Southeast,252210,9633,1261.05,595,85070.07
2025-11-20,Display Ads,Midwest,253659,10519,1268.3,823,97977.99
2025-11-20,Display Ads,West,308321,14177,1541.61,552,109233.95
2025-11-21,Email,Northeast,67152,2089,671.52,153,16068.02
2025-11-21,Email,Southeast,49649,1618,496.5,85,14362.68
2025-11-21,Email,Midwest,52615,1913,526.16,146,6787.97
2025-11-21,Email,West,62079,1090,620.79,77,12555.04
2025-11-21,Social Media,Northeast,216969,8021,2169.69,578,29130.66
2025-11-21,Social Media,Southeast,205014,8377,2050.14,557,109131.07
2025-11-21,Social Media,Midwest,200620,3625,2006.2,139,9407.98
2025-11-21,Social Media,West,213170,5800,2131.7,215,41990.47
2025-11-21,Paid Search,Northeast,99506,1924,3731.48,80,9603.2
2025-11-21,Paid Search,Southeast,70711,2076,2651.67,245,20872.44
2025-11-21,Paid Search,Midwest,82008,2266,3075.31,219,27701.88
2025-11-21,Paid Search,West,101187,4083,3794.55,374,46879.39
2025-11-21,Display Ads,Northeast,376758,14012,1883.79,1064,93480.39
2025-11-21,Display Ads,Southeast,257468,3358,1287.34,271,14195.85
2025-11-21,Display Ads,Midwest,311718,18467,1558.59,757,45862.97
2025-11-21,Display Ads,West,359073,7169,1795.37,428,81841.78
2025-11-22,Email,Northeast,40600,2107,406.01,220,18380.21
2025-11-22,Email,Southeast,36785,1371,367.85,149,16360.26
2025-11-22,Email,Midwest,35374,1044,353.75,89,7808.75
2025-11-22,Email,West,43417,1302,434.18,72,12979.41
2025-11-22,Social Media,Northeast,156770,4520,1567.71,172,10507.4
2025-11-22,Social Media,Southeast,132553,7356,1325.53,520,34659.98
2025-11-22,Social Media,Midwest,105521,2585,1055.22,154,21060.52
2025-11-22,Social Media,West,125708,2615,1257.08,205,13442.89
2025-11-22,Paid Search,Northeast,61612,2356,2310.45,265,13625.43
2025-11-22,Paid Search,Southeast,62481,1499,2343.07,60,7400.43
2025-11-22,Paid Search,Midwest,42889,2353,1608.37,101,19160.4
2025-11-22,Paid Search,West,63639,2051,2386.5,162,16659.42
2025-11-22,Display Ads,Northeast,260816,8472,1304.08,555,52799.25
2025-11-22,Display Ads,Southeast,221452,5891,1107.26,130,23967.05
2025-11-22,Display Ads,Midwest,188717,2586,943.59,90,4179.43
2025-11-22,Display Ads,West,210959,11430,1054.8,437,18912.4
2025-11-23,Email,Northeast,33896,1855,338.97,175,19256.9
2025-11-23,Email,Southeast,41058,2418,410.59,217,34325.39
2025-11-23,Email,Midwest,35032,400,350.32,20,2091.75
2025-11-23,Email,West,46142,2445,461.43,128,17589.65
2025-11-23,Social Media,Northeast,170274,7357,1702.75,881,101611.75
2025-11-23,Social Media,Southeast,155475,3874,1554.75,196,32701.76
2025-11-23,Social Media,Midwest,123189,5607,1231.89,653,62289.84
2025-11-23,Social Media,West,146358,6813,1463.58,429,29368.72
2025-11-23,Paid Search,Northeast,57806,2648,2167.73,224,9976.3
2025-11-23,Paid Search,Southeast,62678,3105,2350.44,315,41981.54
2025-11-23,Paid Search,Midwest,41559,974,1558.5,102,15425.94
2025-11-23,Paid Search,West,49349,2660,1850.62,158,17423.5
2025-11-23,Display Ads,Northeast,291074,11610,1455.37,1213,221211.23
2025-11-23,Display Ads,Southeast,197454,3613,987.27,130,8580.18
2025-11-23,Display Ads,Midwest,161433,7682,807.17,718,34935.69
2025-11-23,Display Ads,West,231966,6399,1159.83,656,92009.4
2025-11-24,Email,Northeast,54424,2303,544.25,177,18988.29
2025-11-24,Email,Southeast,58068,2727,580.69,132,8738.35
2025-11-24,Email,Midwest,53791,3019,537.91,85,13089.71
2025-11-24,Email,West,63050,3562,630.5,255,12140.64
2025-11-24,Social Media,Northeast,243889,4269,2438.89,419,58400.88
2025-11-24,Social Media,Southeast,168169,7699,1681.7,871,76070.68
2025-11-24,Social Media,Midwest,189576,4848,1895.77,324,33654.75
2025-11-24,Social Media,West,244280,10041,2442.81,874,121892.5
2025-11-24,Paid Search,Northeast,109473,1369,4105.27,58,7204.2
2025-11-24,Paid Search,Southeast,93922,1675,3522.09,69,6032.69
2025-11-24,Paid Search,Midwest,82839,3714,3106.49,391,74788.82
2025-11-24,Paid Search,West,71754,2778,2690.78,231,32675.15
2025-11-24,Display Ads,Northeast,358186,16616,1790.93,1085,129115.2
2025-11-24,Display Ads,Southeast,287813,8329,1439.07,376,63004.71
2025-11-24,Display Ads,Midwest,320642,3528,1603.21,292,37453.48
2025-11-24,Display Ads,West,299215,15659,1496.08,909,68411.43
2025-11-25,Email,Northeast,61652,964,616.52,92,16973.93
2025-11-25,Email,Southeast,50526,2920,505.26,219,15054.17
2025-11-25,Email,Midwest,38439,1360,384.39,156,16389.67
2025-11-25,Email,West,49943,2777,499.44,206,27707.84
2025-11-25,Social Media,Northeast,219019,2211,2190.2,75,4336.58
2025-11-25,Social Media,Southeast,233195,12695,2331.96,1303,95591.19
2025-11-25,Social Media,Midwest,180716,8050,1807.16,510,91229.74
2025-11-25,Social Media,West,224408,2698,2244.09,218,29796.44
2025-11-25,Paid Search,Northeast,80709,2862,3026.59,99,6457.63
2025-11-25,Paid Search,Southeast,78653,4691,2949.52,236,18870.77
2025-11-25,Paid Search,Midwest,61536,1228,2307.61,37,5562.21
2025-11-25,Paid Search,West,84671,3799,3175.17,401,17378.34
2025-11-25,Display Ads,Northeast,309731,5823,1548.66,391,61945.72
2025-11-25,Display Ads,Southeast,309057,9156,1545.29,329,50037.71
2025-11-25,Display Ads,Midwest,258523,4556,1292.62,169,21255.92
2025-11-25,Display Ads,West,297599,11374,1488.0,298,28580.7
2025-11-26,Email,Northeast,64850,2084,648.51,136,12991.42
2025-11-26,Email,Southeast,41724,480,417.24,15,601.62
2025-11-26,Email,Midwest,39242,1092,392.42,82,5610.4
2025-11-26,Email,West,50331,2633,503.32,310,19545.32
2025-11-26,Social Media,Northeast,225719,11082,2257.19,1054,146958.16
2025-11-26,Social Media,Southeast,167325,6500,1673.25,148,23454.72
2025-11-26,Social Media,Midwest,176287,3404,1762.88,163,18329.92
2025-11-26,Social Media,West,249574,14814,2495.75,315,56675.7
2025-11-26,Paid Search,Northeast,89873,2796,3370.27,297,19963.83
2025-11-26,Paid Search,Southeast,94605,1127,3547.7,44,4621.99
2025-11-26,Paid Search,Midwest,65059,3431,2439.74,351,24215.04
2025-11-26,Paid Search,West,89795,1682,3367.34,191,20230.33
2025-11-26,Display Ads,Northeast,327029,11904,1635.15,1285,208358.52
2025-11-26,Display Ads,Southeast,265050,4154,1325.25,341,26192.1
2025-11-26,Display Ads,Midwest,291301,16237,1456.51,1457,201957.82
2025-11-26,Display Ads,West,373280,18647,1866.4,539,97105.21
2025-11-27,Email,Northeast,66035,3174,660.36,357,41066.79
2025-11-27,Email,Southeast,48868,995,488.69,102,14946.86
2025-11-27,Email,Midwest,40028,2170,400.29,146,26551.01
2025-11-27,Email,West,55763,959,557.64,88,14313.45
2025-11-27,Social Media,Northeast,194555,2122,1945.55,159,31284.47
2025-11-27,Social Media,Southeast,224805,7522,2248.06,761,64712.26
2025-11-27,Social Media,Midwest,208100,9346,2081.0,207,9259.94
2025-11-27,Social Media,West,181360,5635,1813.6,587,57093.89
2025-11-27,Paid Search,Northeast,85334,2470,3200.06,51,7538.91
2025-11-27,Paid Search,Southeast,95320,4551,3574.52,319,63738.95
2025-11-27,Paid Search,Midwest,82917,3526,3109.41,307,22867.92
2025-11-27,Paid Search,West,85064,3808,3189.91,293,33165.42
2025-11-27,Display Ads,Northeast,360257,8803,1801.29,898,123828.66
2025-11-27,Display Ads,Southeast,287324,9037,1436.62,253,37267.3
2025-11-27,Display Ads,Midwest,300699,13999,1503.5,1419,274226.15
2025-11-27,Display Ads,West,317431,15956,1587.16,1105,140005.5
2025-11-28,Email,Northeast,48163,1747,481.63,95,18125.69
2025-11-28,Email,Southeast,52938,3118,529.39,178,32843.62
2025-11-28,Email,Midwest,45002,481,450.02,28,1690.92
2025-11-28,Email,West,46298,2670,462.99,93,12103.16
2025-11-28,Social Media,Northeast,203223,10521,2032.23,579,100159.6
2025-11-28,Social Media,Southeast,200979,9986,2009.8,481,30581.09
2025-11-28,Social Media,Midwest,154647,7612,1546.47,811,141095.89
2025-11-28,Social Media,West,219823,3522,2198.23,336,22508.27
2025-11-28,Paid Search,Northeast,88905,1639,3333.97,178,17675.2
2025-11-28,Paid Search,Southeast,87710,1340,3289.13,119,6761.65
2025-11-28,Paid Search,Midwest,81726,2390,3064.76,169,6793.34
2025-11-28,Paid Search,West,87038,1545,3263.94,117,13416.6
2025-11-28,Display Ads,Northeast,367147,16864,1835.74,367,66684.98
2025-11-28,Display Ads,Southeast,281498,13975,1407.49,1020,53040.18
2025-11-28,Display Ads,Midwest,237565,5243,1187.83,329,57561.42
2025-11-28,Display Ads,West,302959,6850,1514.8,173,17327.57
2025-11-29,Email,Northeast,38429,1406,384.3,120,8969.7
2025-11-29,Email,Southeast,37276,1079,372.76,122,15082.4
2025-11-29,Email,Midwest,30489,968,304.89,98,5507.38
2025-11-29,Email,West,31247,776,312.48,38,4692.47
2025-11-29,Social Media,Northeast,141709,5194,1417.09,529,53408.86
2025-11-29,Social Media,Southeast,150080,3776,1500.8,247,11496.04
2025-11-29,Social Media,Midwest,122594,1626,1225.95,56,10028.88
2025-11-29,Social Media,West,149083,3132,1490.83,353,61457.3
2025-11-29,Paid Search,Northeast,55241,3207,2071.54,369,34114.93
2025-11-29,Paid Search,Southeast,61737,3667,2315.14,409,27737.45
2025-11-29,Paid Search,Midwest,50312,2793,1886.72,333,16468.33
2025-11-29,Paid Search,West,63588,2364,2384.57,87,13736.09
2025-11-29,Display Ads,Northeast,272456,8564,1362.28,731,122498.71
2025-11-29,Display Ads,Southeast,206719,9912,1033.6,640,52474.8
2025-11-29,Display Ads,Midwest,203761,8761,1018.81,751,108069.53
2025-11-29,Display Ads,West,217873,6128,1089.37,477,93022.93
2025-11-30,Email,Northeast,48103,2151,481.04,71,2905.32
2025-11-30,Email,Southeast,31495,1319,314.95,65,7177.55
2025-11-30,Email,Midwest,31281,1798,312.81,100,4686.56
2025-11-30,Email,West,41975,1778,419.76,92,12984.3
2025-11-30,Social Media,Northeast,148656,6004,1486.56,589,71229.61
2025-11-30,Social Media,Southeast,143980,8378,1439.81,716,92582.09
2025-11-30,Social Media,Midwest,104253,4708,1042.53,103,4933.29
2025-11-30,Social Media,West,144278,3610,1442.78,243,25056.63
2025-11-30,Paid Search,Northeast,65299,1066,2448.71,34,2236.2
2025-11-30,Paid Search,Southeast,61869,1140,2320.11,43,3568.77
2025-11-30,Paid Search,Midwest,59696,2940,2238.62,317,25903.33
2025-11-30,Paid Search,West,51415,3029,1928.07,237,35987.14
2025-11-30,Display Ads,Northeast,229171,12355,1145.86,1136,82724.13
2025-11-30,Display Ads,Southeast,193487,7952,967.44,948,117178.49
2025-11-30,Display Ads,Midwest,173915,8242,869.58,535,30457.91
2025-11-30,Display Ads,West,238083,13468,1190.42,476,54628.75
2025-12-01,Email,Northeast,58756,2287,587.56,95,6961.4
2025-12-01,Email,Southeast,42254,1428,422.54,114,17549.5
2025-12-01,Email,Midwest,44588,1281,445.89,53,8758.42
2025-12-01,Email,West,63044,3137,630.45,237,34774.04
2025-12-01,Social Media,Northeast,223254,11685,2232.55,312,38200.17
2025-12-01,Social Media,Southeast,210877,10157,2108.77,1046,142121.85
2025-12-01,Social Media,Midwest,153880,6545,1538.8,205,21309.8
2025-12-01,Social Media,West,180519,5156,1805.2,547,78089.1
2025-12-01,Paid Search,Northeast,112656,5009,4224.62,408,38708.04
2025-12-01,Paid Search,Southeast,73141,2996,2742.8,288,39260.71
2025-12-01,Paid Search,Midwest,83675,4455,3137.84,111,7267.6
2025-12-01,Paid Search,West,92531,1756,3469.95,37,3847.29
2025-12-01,Display Ads,Northeast,301499,12681,1507.5,992,49773.61
2025-12-01,Display Ads,Southeast,333475,12769,1667.38,398,60826.46
2025-12-01,Display Ads,Midwest,234161,2773,1170.81,212,15859.57
2025-12-01,Display Ads,West,307802,10495,1539.01,606,27878.46
2025-12-02,Email,Northeast,56393,810,563.93,89,4859.44
2025-12-02,Email,Southeast,50271,960,502.71,75,11511.43
2025-12-02,Email,Midwest,52844,1652,528.45,73,12058.21
2025-12-02,Email,West,46402,1311,464.03,131,16441.24
2025-12-02,Social Media,Northeast,266893,10910,2668.93,971,104443.85
2025-12-02,Social Media,Southeast,176506,6631,1765.07,647,85987.76
2025-12-02,Social Media,Midwest,167685,6851,1676.86,277,22242.31
2025-12-02,Social Media,West,262905,9363,2629.06,1006,40280.66
2025-12-02,Paid Search,Northeast,107429,5712,4028.59,382,38366.43
2025-12-02,Paid Search,Southeast,87264,1563,3272.4,55,7636.28
2025-12-02,Paid Search,Midwest,78278,3833,2935.46,221,34755.3
2025-12-02,Paid Search,West,71395,1624,2677.32,53,3111.0
2025-12-02,Display Ads,Northeast,330962,18210,1654.81,786,45640.92
2025-12-02,Display Ads,Southeast,299605,16838,1498.03,364,25800.47
2025-12-02,Display Ads,Midwest,217990,7916,1089.95,859,154038.1
2025-12-02,Display Ads,West,326928,6006,1634.64,182,14542.06
2025-12-03,Email,Northeast,61368,1399,613.68,43,4827.5
2025-12-03,Email,Southeast,46181,1201,461.82,34,2821.51
2025-12-03,Email,Midwest,42327,1210,423.27,35,4257.89
2025-12-03,Email,West,51610,2450,516.11,94,10344.49
2025-12-03,Social Media,Northeast,201060,8704,2010.6,839,110496.08
2025-12-03,Social Media,Southeast,234108,13259,2341.09,660,95989.73
2025-12-03,Social Media,Midwest,208410,4840,2084.11,257,16598.26
2025-12-03,Social Media,West,176800,5790,1768.01,248,25656.6
2025-12-03,Paid Search,Northeast,82884,2111,3108.18,103,12430.56
2025-12-03,Paid Search,Southeast,67992,2845,2549.72,145,14896.54
2025-12-03,Paid Search,Midwest,83793,1571,3142.26,77,12133.53
2025-12-03,Paid Search,West,83227,4239,3121.03,426,80175.59
2025-12-03,Display Ads,Northeast,347699,15909,1738.5,646,58231.41
2025-12-03,Display Ads,Southeast,324648,9239,1623.24,684,55488.69
2025-12-03,Display Ads,Midwest,255172,9550,1275.86,1085,69424.34
2025-12-03,Display Ads,West,383275,18756,1916.38,770,87525.48
2025-12-04,Email,Northeast,60461,3537,604.62,142,22747.95
2025-12-04,Email,Southeast,44916,647,449.17,18,3159.25
2025-12-04,Email,Midwest,47436,915,474.36,33,5108.46
2025-12-04,Email,West,48984,1361,489.84,91,9291.96
2025-12-04,Social Media,Northeast,280806,7909,2808.06,859,118590.53
2025-12-04,Social Media,Southeast,225826,3253,2258.27,323,17312.88
2025-12-04,Social Media,Midwest,151598,4196,1515.98,468,71145.42
2025-12-04,Social Media,West,213251,4882,2132.51,350,42118.65
2025-12-04,Paid Search,Northeast,83346,3606,3125.51,73,11219.22
2025-12-04,Paid Search,Southeast,75414,1770,2828.06,52,2910.68
2025-12-04,Paid Search,Midwest,79305,3557,2973.96,310,55198.18
2025-12-04,Paid Search,West,86694,1641,3251.05,187,33405.12
2025-12-04,Display Ads,Northeast,418060,21054,2090.3,1654,275284.36
2025-12-04,Display Ads,Southeast,242064,11162,1210.32,713,128562.03
2025-12-04,Display Ads,Midwest,321772,14974,1608.86,846,37553.23
2025-12-04,Display Ads,West,376663,20425,1883.32,1170,148019.37
2025-12-05,Email,Northeast,63280,1208,632.8,123,12143.63
2025-12-05,Email,Southeast,41408,866,414.09,51,4677.53
2025-12-05,Email,Midwest,45955,1817,459.56,164,30833.34
2025-12-05,Email,West,59095,1556,590.95,100,8332.14
2025-12-05,Social Media,Northeast,235075,6397,2350.75,208,29303.83
2025-12-05,Social Media,Southeast,232303,7387,2323.04,212,12256.63
2025-12-05,Social Media,Midwest,176180,9961,1761.81,247,21991.99
2025-12-05,Social Media,West,209078,11410,2090.78,957,113475.43
2025-12-05,Paid Search,Northeast,110670,6296,4150.13,489,80408.43
2025-12-05,Paid Search,Southeast,86763,911,3253.65,65,7680.67
2025-12-05,Paid Search,Midwest,80386,2764,3014.49,221,42705.9
2025-12-05,Paid Search,West,84716,1735,3176.88,157,23040.91
2025-12-05,Display Ads,Northeast,337259,10309,1686.3,522,59739.43
2025-12-05,Display Ads,Southeast,342822,7794,1714.11,518,61550.77
2025-12-05,Display Ads,Midwest,298368,10290,1491.84,628,107732.66
2025-12-05,Display Ads,West,391044,6089,1955.22,694,119777.4
2025-12-06,Email,Northeast,36769,1293,367.69,42,5510.48
2025-12-06,Email,Southeast,30295,950,302.96,42,6160.09
2025-12-06,Email,Midwest,31432,1350,314.32,77,8999.88
2025-12-06,Email,West,40498,587,404.99,52,3158.83
2025-12-06,Social Media,Northeast,148572,4200,1485.73,419,52853.12
2025-12-06,Social Media,Southeast,156119,5073,1561.2,270,48718.79
2025-12-06,Social Media,Midwest,115692,5941,1156.93,139,23467.14
2025-12-06,Social Media,West,165090,2199,1650.91,103,7919.46
2025-12-06,Paid Search,Northeast,76594,4358,2872.3,462,21190.62
2025-12-06,Paid Search,Southeast,52611,1726,1972.94,189,35509.14
2025-12-06,Paid Search,Midwest,45562,1025,1708.6,53,7980.63
2025-12-06,Paid Search,West,52308,1867,1961.58,101,16042.77
2025-12-06,Display Ads,Northeast,255084,4319,1275.42,429,21693.46
2025-12-06,Display Ads,Southeast,176339,4366,881.7,213,19370.2
2025-12-06,Display Ads,Midwest,203442,2331,1017.21,277,39286.88
2025-12-06,Display Ads,West,186651,1927,933.26,88,6073.34
2025-12-07,Email,Northeast,41146,1354,411.46,147,11046.04
2025-12-07,Email,Southeast,30693,574,306.94,60,9692.59
2025-12-07,Email,Midwest,31139,1631,311.39,44,8463.29
2025-12-07,Email,West,42615,1020,426.16,80,8820.69
2025-12-07,Social Media,Northeast,196741,4440,1967.42,390,19936.0
2025-12-07,Social Media,Southeast,164767,5073,1647.68,498,81664.8
2025-12-07,Social Media,Midwest,149484,8526,1494.85,355,42168.2
2025-12-07,Social Media,West,165414,9050,1654.15,557,54351.76
2025-12-07,Paid Search,Northeast,64096,1721,2403.63,129,10337.98
2025-12-07,Paid Search,Southeast,62956,2697,2360.87,236,12717.46
2025-12-07,Paid Search,Midwest,46810,607,1755.4,51,6033.54
2025-12-07,Paid Search,West,58184,2776,2181.92,239,13987.55
2025-12-07,Display Ads,Northeast,285538,11454,1427.69,1159,143665.99
2025-12-07,Display Ads,Southeast,247055,5542,1235.28,348,57313.92
2025-12-07,Display Ads,Midwest,224930,9125,1124.65,731,142944.82
2025-12-07,Display Ads,West,269838,4245,1349.19,421,37191.03
2025-12-08,Email,Northeast,51814,1907,518.15,81,10283.71
2025-12-08,Email,Southeast,59057,1854,590.57,131,6887.39
2025-12-08,Email,Midwest,40271,928,402.71,26,1285.28
2025-12-08,Email,West,54487,2579,544.87,181,28701.68
2025-12-08,Social Media,Northeast,193960,4983,1939.6,376,63556.71
2025-12-08,Social Media,Southeast,230771,9329,2307.71,322,47037.58
2025-12-08,Social Media,Midwest,178832,8242,1788.33,251,32805.22
2025-12-08,Social Media,West,216299,8489,2163.0,870,41664.33
2025-12-08,Paid Search,Northeast,93865,4429,3519.97,248,43277.3
2025-12-08,Paid Search,Southeast,68113,2067,2554.27,219,27531.38
2025-12-08,Paid Search,Midwest,67557,2589,2533.39,266,50673.05
2025-12-08,Paid Search,West,73332,2558,2749.98,202,24944.45
2025-12-08,Display Ads,Northeast,357036,8455,1785.18,268,11225.78
2025-12-08,Display Ads,Southeast,240782,5965,1203.91,353,61798.85
2025-12-08,Display Ads,Midwest,285622,9789,1428.11,662,44561.22
2025-12-08,Display Ads,West,337041,15904,1685.21,1095,47864.29
2025-12-09,Email,Northeast,56324,2827,563.25,98,16009.0
2025-12-09,Email,Southeast,47997,2439,479.98,283,50732.64
2025-12-09,Email,Midwest,49683,1584,496.83,95,11446.94
2025-12-09,Email,West,62263,3702,622.64,383,44904.61
2025-12-09,Social Media,Northeast,194079,10451,1940.79,674,88403.47
2025-12-09,Social Media,Southeast,206875,3330,2068.76,350,15889.54
2025-12-09,Social Media,Midwest,147713,5706,1477.13,141,26658.51
2025-12-09,Social Media,West,194552,9365,1945.53,803,88447.09
2025-12-09,Paid Search,Northeast,110793,2447,4154.77,292,23249.76
2025-12-09,Paid Search,Southeast,82825,3402,3105.97,358,30961.9
2025-12-09,Paid Search,Midwest,71106,841,2666.5,97,10591.98
2025-12-09,Paid Search,West,95140,4949,3567.77,108,19520.99
2025-12-09,Display Ads,Northeast,337575,14777,1687.88,393,29681.26
2025-12-09,Display Ads,Southeast,304095,3775,1520.48,163,25482.09
2025-12-09,Display Ads,Midwest,273890,14129,1369.45,1564,147263.01
2025-12-09,Display Ads,West,335090,9966,1675.45,331,23263.22
2025-12-10,Email,Northeast,70888,2285,708.88,147,27538.39
2025-12-10,Email,Southeast,59619,2914,596.19,217,11740.8
2025-12-10,Email,Midwest,36449,1605,364.5,61,6732.79
2025-12-10,Email,West,45272,2274,452.73,168,12617.96
2025-12-10,Social Media,Northeast,220106,10151,2201.07,1001,105750.89
2025-12-10,Social Media,Southeast,203592,5971,2035.93,686,54863.67
2025-12-10,Social Media,Midwest,171989,3596,1719.9,123,7756.92
2025-12-10,Social Media,West,190857,2596,1908.57,310,27023.8
2025-12-10,Paid Search,Northeast,81566,4605,3058.73,453,44634.45
2025-12-10,Paid Search,Southeast,70675,2278,2650.33,254,36362.74
2025-12-10,Paid Search,Midwest,75295,2036,2823.59,199,38740.37
2025-12-10,Paid Search,West,94470,1969,3542.66,47,6460.4
2025-12-10,Display Ads,Northeast,351035,3528,1755.18,150,9649.41
2025-12-10,Display Ads,Southeast,272956,13404,1364.78,499,25628.9
2025-12-10,Display Ads,Midwest,269146,3642,1345.73,109,10379.68
2025-12-10,Display Ads,West,383417,19922,1917.09,1978,333110.63
2025-12-11,Email,Northeast,51599,1772,515.99,73,9163.1
2025-12-11,Email,Southeast,57228,1625,572.28,166,28217.89
2025-12-11,Email,Midwest,38852,1362,388.52,146,6357.36
2025-12-11,Email,West,61149,1344,611.49,117,19421.25
2025-12-11,Social Media,Northeast,199912,7857,1999.13,669,85812.33
2025-12-11,Social Media,Southeast,200298,4428,2002.98,252,22189.94
2025-12-11,Social Media,Midwest,156455,8679,1564.55,779,81556.03
2025-12-11,Social Media,West,196954,3770,1969.55,367,37969.87
2025-12-11,Paid Search,Northeast,102639,2865,3848.98,192,27827.24
2025-12-11,Paid Search,Southeast,92573,1081,3471.51,81,12210.96
2025-12-11,Paid Search,Midwest,82412,899,3090.48,27,3703.62
2025-12-11,Paid Search,West,96909,4815,3634.09,266,47900.25
2025-12-11,Display Ads,Northeast,389483,4667,1947.42,212,23893.79
2025-12-11,Display Ads,Southeast,251775,14828,1258.88,1001,119180.23
2025-12-11,Display Ads,Midwest,323668,7936,1618.34,171,31200.52
2025-12-11,Display Ads,West,390555,5090,1952.78,394,56259.16
2025-12-12,Email,Northeast,67888,961,678.88,40,5605.64
2025-12-12,Email,Southeast,46638,2715,466.39,226,40130.62
2025-12-12,Email,Midwest,50518,2758,505.18,143,9094.69
2025-12-12,Email,West,64917,1746,649.18,57,7583.62
2025-12-12,Social Media,Northeast,232490,3623,2324.9,151,29227.48
2025-12-12,Social Media,Southeast,174492,2278,1744.93,203,33879.93
2025-12-12,Social Media,Midwest,186669,2066,1866.7,80,14794.89
2025-12-12,Social Media,West,177658,2071,1776.59,241,9672.06
2025-12-12,Paid Search,Northeast,107826,3227,4043.49,229,40878.86
2025-12-12,Paid Search,Southeast,78584,3105,2946.91,219,18302.86
2025-12-12,Paid Search,Midwest,68089,3543,2553.36,337,40844.29
2025-12-12,Paid Search,West,85003,2877,3187.64,323,32529.82
2025-12-12,Display Ads,Northeast,401739,8447,2008.7,202,25515.77
2025-12-12,Display Ads,Southeast,301417,15285,1507.09,1037,116998.46
2025-12-12,Display Ads,Midwest,295078,7264,1475.39,235,12957.26
2025-12-12,Display Ads,West,348111,7940,1740.56,462,85346.32
2025-12-13,Email,Northeast,41680,677,416.8,55,4472.71
2025-12-13,Email,Southeast,30176,797,301.77,43,2519.35
2025-12-13,Email,Midwest,37395,1633,373.95,71,13811.61
2025-12-13,Email,West,33088,860,330.88,23,3155.45
2025-12-13,Social Media,Northeast,156658,2140,1566.59,77,13656.55
2025-12-13,Social Media,Southeast,149314,6829,1493.14,705,93954.93
2025-12-13,Social Media,Midwest,108753,1800,1087.54,118,9382.23
2025-12-13,Social Media,West,139750,2196,1397.51,117,11944.93
2025-12-13,Paid Search,Northeast,75974,4146,2849.03,436,85500.96
2025-12-13,Paid Search,Southeast,52293,2822,1961.01,159,30780.31
2025-12-13,Paid Search,Midwest,50671,1697,1900.17,139,7035.72
2025-12-13,Paid Search,West,70241,3516,2634.05,111,12072.18
2025-12-13,Display Ads,Northeast,262770,4578,1313.85,313,26688.6
2025-12-13,Display Ads,Southeast,235253,13040,1176.27,947,149523.21
2025-12-13,Display Ads,Midwest,160194,2991,800.97,232,12160.57
2025-12-13,Display Ads,West,199829,10958,999.15,1102,99680.56
2025-12-14,Email,Northeast,48716,2310,487.17,64,8434.29
2025-12-14,Email,Southeast,35484,1923,354.85,47,2568.46
2025-12-14,Email,Midwest,30955,1303,309.55,92,3855.6
2025-12-14,Email,West,46025,1024,460.25,92,13154.64
2025-12-14,Social Media,Northeast,162518,6826,1625.18,239,25299.7
2025-12-14,Social Media,Southeast,164536,4718,1645.36,216,18486.74
2025-12-14,Social Media,Midwest,134890,6002,1348.9,152,21464.94
2025-12-14,Social Media,West,171129,2690,1711.29,303,44046.23
2025-12-14,Paid Search,Northeast,60299,2886,2261.25,335,29858.41
2025-12-14,Paid Search,Southeast,47842,2339,1794.1,170,7964.39
2025-12-14,Paid Search,Midwest,51314,2595,1924.3,237,33011.53
2025-12-14,Paid Search,West,64082,1168,2403.08,111,11567.81
2025-12-14,Display Ads,Northeast,297050,17793,1485.25,2019,333952.68
2025-12-14,Display Ads,Southeast,245078,7269,1225.39,399,54022.29
2025-12-14,Display Ads,Midwest,194198,5066,970.99,303,40154.16
2025-12-14,Display Ads,West,261914,8502,1309.57,898,79713.83
2025-12-15,Email,Northeast,58136,972,581.37,67,5455.03
2025-12-15,Email,Southeast,49977,2854,499.78,231,29807.76
2025-12-15,Email,Midwest,49289,2530,492.89,72,12037.26
2025-12-15,Email,West,58735,1021,587.35,109,8545.41
2025-12-15,Social Media,Northeast,201236,10291,2012.36,286,52635.74
2025-12-15,Social Media,Southeast,189141,2020,1891.42,199,32230.5
2025-12-15,Social Media,Midwest,179407,9243,1794.07,981,86870.21
2025-12-15,Social Media,West,179541,2372,1795.41,241,15529.63
2025-12-15,Paid Search,Northeast,91227,2693,3421.03,116,13373.59
2025-12-15,Paid Search,Southeast,66803,3298,2505.11,128,16424.26
2025-12-15,Paid Search,Midwest,60785,1060,2279.44,80,4886.26
2025-12-15,Paid Search,West,78518,1593,2944.46,61,11559.0
2025-12-15,Display Ads,Northeast,368002,18310,1840.01,1262,200186.27
2025-12-15,Display Ads,Southeast,324246,18988,1621.23,820,117904.86
2025-12-15,Display Ads,Midwest,286513,10488,1432.57,243,17946.42
2025-12-15,Display Ads,West,273450,5003,1367.25,290,18809.54
2025-12-16,Email,Northeast,54005,1412,540.05,52,9036.76
2025-12-16,Email,Southeast,46191,572,461.91,19,2900.57
2025-12-16,Email,Midwest,40265,896,402.66,82,8149.21
2025-12-16,Email,West,45903,2033,459.03,232,26745.65
2025-12-16,Social Media,Northeast,234963,12349,2349.63,1291,98520.88
2025-12-16,Social Media,Southeast,167542,8317,1675.43,876,129480.55
2025-12-16,Social Media,Midwest,147424,5894,1474.24,491,55778.12
2025-12-16,Social Media,West,212983,2703,2129.84,187,25661.84
2025-12-16,Paid Search,Northeast,78440,4320,2941.53,171,17521.24
2025-12-16,Paid Search,Southeast,77604,2201,2910.18,96,17957.73
2025-12-16,Paid Search,Midwest,68031,2834,2551.2,273,44669.05
2025-12-16,Paid Search,West,86951,3710,3260.67,314,33445.0
2025-12-16,Display Ads,Northeast,315007,10892,1575.04,667,34911.06
2025-12-16,Display Ads,Southeast,349465,16525,1747.33,1179,210472.66
2025-12-16,Display Ads,Midwest,316952,6133,1584.76,197,16648.32
2025-12-16,Display Ads,West,317768,8500,1588.84,388,75881.21
2025-12-17,Email,Northeast,63884,1192,638.84,125,6668.33
2025-12-17,Email,Southeast,50019,1790,500.2,53,2251.03
2025-12-17,Email,Midwest,53837,1906,538.38,215,41138.13
2025-12-17,Email,West,44427,2380,444.28,197,10241.36
2025-12-17,Social Media,Northeast,209115,5822,2091.15,632,100612.59
2025-12-17,Social Media,Southeast,229895,5977,2298.95,396,38999.82
2025-12-17,Social Media,Midwest,210752,6215,2107.53,380,60919.88
2025-12-17,Social Media,West,186055,10544,1860.55,1098,198746.0
2025-12-17,Paid Search,Northeast,86843,4132,3256.63,158,19921.9
2025-12-17,Paid Search,Southeast,87475,4394,3280.35,317,31894.62
2025-12-17,Paid Search,Midwest,78871,1206,2957.67,78,12992.3
2025-12-17,Paid Search,West,81043,3105,3039.12,154,17919.03
2025-12-17,Display Ads,Northeast,347729,8568,1738.65,820,48242.36
2025-12-17,Display Ads,Southeast,253753,13765,1268.77,314,18507.2
2025-12-17,Display Ads,Midwest,304530,8026,1522.65,717,65044.98
2025-12-17,Display Ads,West,272130,14444,1360.65,1572,66204.88
2025-12-18,Email,Northeast,49270,2271,492.7,79,14923.06
2025-12-18,Email,Southeast,41689,1600,416.9,100,17571.8
2025-12-18,Email,Midwest,44597,920,445.98,80,13937.47
2025-12-18,Email,West,58652,1048,586.53,37,6710.12
2025-12-18,Social Media,Northeast,237484,14078,2374.84,774,84848.64
2025-12-18,Social Media,Southeast,163371,7663,1633.72,733,129776.26
2025-12-18,Social Media,Midwest,185568,10126,1855.69,895,92614.52
2025-12-18,Social Media,West,222575,5259,2225.76,258,33422.69
2025-12-18,Paid Search,Northeast,113629,6558,4261.12,572,98972.09
2025-12-18,Paid Search,Southeast,85657,2135,3212.16,195,10756.61
2025-12-18,Paid Search,Midwest,82364,1955,3088.69,133,7261.03
2025-12-18,Paid Search,West,81464,1616,3054.92,111,15585.97
2025-12-18,Display Ads,Northeast,304952,14711,1524.76,960,126986.81
2025-12-18,Display Ads,Southeast,298584,16037,1492.92,430,32531.75
2025-12-18,Display Ads,Midwest,254140,9684,1270.7,617,81297.24
2025-12-18,Display Ads,West,334638,17305,1673.19,1721,289918.01
2025-12-19,Email,Northeast,62318,3607,623.19,427,57829.41
2025-12-19,Email,Southeast,52004,827,520.04,76,5695.57
2025-12-19,Email,Midwest,47213,1038,472.14,50,9752.84
2025-12-19,Email,West,45401,1946,454.01,192,16659.55
2025-12-19,Social Media,Northeast,240919,5897,2409.19,555,71753.86
2025-12-19,Social Media,Southeast,201591,6391,2015.91,658,47468.14
2025-12-19,Social Media,Midwest,155332,6294,1553.33,241,38039.04
2025-12-19,Social Media,West,252938,8075,2529.39,346,43338.29
2025-12-19,Paid Search,Northeast,86085,4218,3228.2,361,48289.35
2025-12-19,Paid Search,Southeast,64785,1240,2429.46,146,18140.63
2025-12-19,Paid Search,Midwest,85940,1414,3222.76,134,22817.23
2025-12-19,Paid Search,West,86688,5051,3250.83,164,29991.86
2025-12-19,Display Ads,Northeast,332932,11245,1664.66,557,102963.78
2025-12-19,Display Ads,Southeast,355405,11528,1777.03,494,34556.98
2025-12-19,Display Ads,Midwest,275960,14729,1379.8,573,77292.46
2025-12-19,Display Ads,West,392465,13606,1962.33,1048,76800.21
2025-12-20,Email,Northeast,45481,717,454.81,71,11252.5
2025-12-20,Email,Southeast,39344,1307,393.44,69,13504.28
2025-12-20,Email,Midwest,27815,742,278.16,37,2130.98
2025-12-20,Email,West,40575,600,405.75,68,7623.45
2025-12-20,Social Media,Northeast,168550,7919,1685.51,396,27361.51
2025-12-20,Social Media,Southeast,152946,4360,1529.46,306,19283.71
2025-12-20,Social Media,Midwest,107855,2813,1078.56,184,13730.99
2025-12-20,Social Media,West,129117,6447,1291.17,242,28527.0
2025-12-20,Paid Search,Northeast,60837,608,2281.42,44,7721.02
2025-12-20,Paid Search,Southeast,48821,798,1830.8,72,10084.22
2025-12-20,Paid Search,Midwest,55909,665,2096.61,59,3805.98
2025-12-20,Paid Search,West,69111,3601,2591.68,129,16801.85
2025-12-20,Display Ads,Northeast,289286,8111,1446.43,897,162706.41
2025-12-20,Display Ads,Southeast,210290,6367,1051.45,373,60731.58
2025-12-20,Display Ads,Midwest,155475,3040,777.38,270,34314.76
2025-12-20,Display Ads,West,225404,8695,1127.02,519,76610.87
2025-12-21,Email,Northeast,48107,760,481.08,23,1153.38
2025-12-21,Email,Southeast,38198,679,381.98,67,9253.39
2025-12-21,Email,Midwest,33347,600,333.47,46,2642.73
2025-12-21,Email,West,37824,879,378.25,84,7513.7
2025-12-21,Social Media,Northeast,144905,4373,1449.05,363,16194.67
2025-12-21,Social Media,Southeast,133066,2016,1330.66,236,44598.76
2025-12-21,Social Media,Midwest,103102,1754,1031.02,209,29515.51
2025-12-21,Social Media,West,173182,5476,1731.83,237,42503.74
2025-12-21,Paid Search,Northeast,72184,886,2706.93,93,16551.91
2025-12-21,Paid Search,Southeast,56413,1758,2115.5,172,17475.7
2025-12-21,Paid Search,Midwest,50967,560,1911.29,45,2830.68
2025-12-21,Paid Search,West,53600,2113,2010.0,219,38284.35
2025-12-21,Display Ads,Northeast,218726,11788,1093.63,894,174025.44
2025-12-21,Display Ads,Southeast,199530,11682,997.65,341,35023.7
2025-12-21,Display Ads,Midwest,224924,7073,1124.62,540,99374.42
2025-12-21,Display Ads,West,242653,7533,1213.27,413,35834.68
2025-12-22,Email,Northeast,67215,2209,672.16,257,27094.12
2025-12-22,Email,Southeast,47323,2239,473.24,44,8083.55
2025-12-22,Email,Midwest,49023,2277,490.24,257,10580.64
2025-12-22,Email,West,51547,666,515.47,18,2849.75
2025-12-22,Social Media,Northeast,193023,11105,1930.24,1323,164770.33
2025-12-22,Social Media,Southeast,220593,6598,2205.93,329,49405.31
2025-12-22,Social Media,Midwest,160895,8919,1608.95,807,105867.46
2025-12-22,Social Media,West,253100,5370,2531.0,305,27530.25
2025-12-22,Paid Search,Northeast,99307,4569,3724.01,216,28588.84
2025-12-22,Paid Search,Southeast,68943,1526,2585.39,65,6725.16
2025-12-22,Paid Search,Midwest,76472,4159,2867.73,149,27881.13
2025-12-22,Paid Search,West,85941,3364,3222.8,272,48904.68
2025-12-22,Display Ads,Northeast,308427,7433,1542.14,754,81149.4
2025-12-22,Display Ads,Southeast,295592,16858,1477.96,1895,204149.67
2025-12-22,Display Ads,Midwest,301898,6949,1509.49,220,20013.13
2025-12-22,Display Ads,West,264106,13523,1320.53,301,24558.89
2025-12-23,Email,Northeast,67319,3384,673.19,261,43673.96
2025-12-23,Email,Southeast,47919,2727,479.2,126,20599.66
2025-12-23,Email,Midwest,42665,1895,426.66,148,12230.48
2025-12-23,Email,West,49475,1073,494.76,113,13760.36
2025-12-23,Social Media,Northeast,231758,3729,2317.59,165,21411.86
2025-12-23,Social Media,Southeast,222213,4084,2222.13,434,31664.62
2025-12-23,Social Media,Midwest,179100,2809,1791.01,184,35015.47
2025-12-23,Social Media,West,257845,3450,2578.46,93,17257.34
2025-12-23,Paid Search,Northeast,84619,4186,3173.25,158,24760.55
2025-12-23,Paid Search,Southeast,95166,4566,3568.76,300,21533.4
2025-12-23,Paid Search,Midwest,71581,2607,2684.3,240,18701.14
2025-12-23,Paid Search,West,83677,1710,3137.92,103,18872.49
2025-12-23,Display Ads,Northeast,405280,7850,2026.4,708,52543.83
2025-12-23,Display Ads,Southeast,354467,17148,1772.34,898,122669.44
2025-12-23,Display Ads,Midwest,261497,7718,1307.49,214,41466.87
2025-12-23,Display Ads,West,375817,15438,1879.09,815,139559.42
2025-12-24,Email,Northeast,68672,2738,686.73,78,15425.4
2025-12-24,Email,Southeast,53542,2375,535.43,58,10227.22
2025-12-24,Email,Midwest,49681,2443,496.81,101,7305.65
2025-12-24,Email,West,53476,1019,534.77,27,2862.4
2025-12-24,Social Media,Northeast,201448,3945,2014.49,469,30143.69
2025-12-24,Social Media,Southeast,215017,2257,2150.18,171,17279.95
2025-12-24,Social Media,Midwest,150241,3115,1502.41,73,4740.99
2025-12-24,Social Media,West,253804,14605,2538.05,1122,97605.79
2025-12-24,Paid Search,Northeast,81771,990,3066.42,63,7370.39
2025-12-24,Paid Search,Southeast,94280,999,3535.52,63,4099.4
2025-12-24,Paid Search,Midwest,63632,2156,2386.22,126,8859.54
2025-12-24,Paid Search,West,82098,2476,3078.7,176,17968.85
2025-12-24,Display Ads,Northeast,412637,15712,2063.19,1685,312212.07
2025-12-24,Display Ads,Southeast,327579,3511,1637.9,350,43116.03
2025-12-24,Display Ads,Midwest,321719,14233,1608.6,941,63614.35
2025-12-24,Display Ads,West,306125,17598,1530.63,1982,299035.71
2025-12-25,Email,Northeast,58264,1028,582.64,119,7617.55
2025-12-25,Email,Southeast,49230,547,492.3,55,8402.42
2025-12-25,Email,Midwest,38342,528,383.42,36,4800.72
2025-12-25,Email,West,44797,2682,447.97,70,4343.37
2025-12-25,Social Media,Northeast,269271,7572,2692.71,308,43434.23
2025-12-25,Social Media,Southeast,171283,2868,1712.83,326,33050.4
2025-12-25,Social Media,Midwest,201528,4416,2015.28,265,44075.69
2025-12-25,Social Media,West,183148,10442,1831.48,947,48171.9
2025-12-25,Paid Search,Northeast,93706,3478,3513.98,161,17732.69
2025-12-25,Paid Search,Southeast,79171,3576,2968.92,89,16413.23
2025-12-25,Paid Search,Midwest,66690,3815,2500.9,222,32201.53
2025-12-25,Paid Search,West,94215,5158,3533.08,244,26137.01
2025-12-25,Display Ads,Northeast,390818,8764,1954.09,243,28214.35
2025-12-25,Display Ads,Southeast,292431,4683,1462.16,183,20073.6
2025-12-25,Display Ads,Midwest,281440,7956,1407.2,506,21632.37
2025-12-25,Display Ads,West,319277,18804,1596.39,2186,247051.23
2025-12-26,Email,Northeast,69441,1772,694.41,195,36801.0
2025-12-26,Email,Southeast,40541,2364,405.42,247,14120.42
2025-12-26,Email,Midwest,40435,2340,404.36,94,6966.93
2025-12-26,Email,West,45869,1032,458.7,64,3307.41
2025-12-26,Social Media,Northeast,197328,10154,1973.28,344,17740.53
2025-12-26,Social Media,Southeast,200744,8697,2007.44,207,20623.74
2025-12-26,Social Media,Midwest,212482,12530,2124.82,815,50275.54
2025-12-26,Social Media,West,244263,2473,2442.63,215,29828.98
2025-12-26,Paid Search,Northeast,95786,3907,3591.99,90,12787.32
2025-12-26,Paid Search,Southeast,94417,3044,3540.64,233,18480.01
2025-12-26,Paid Search,Midwest,73234,2894,2746.29,139,13430.58
2025-12-26,Paid Search,West,99279,5329,3722.98,534,50460.42
2025-12-26,Display Ads,Northeast,406815,23248,2034.08,1029,202527.19
2025-12-26,Display Ads,Southeast,356159,7500,1780.8,392,35687.75
2025-12-26,Display Ads,Midwest,270789,5597,1353.95,567,30997.07
2025-12-26,Display Ads,West,285390,6140,1426.95,386,21302.54
2025-12-27,Email,Northeast,45979,1835,459.79,123,20791.74
2025-12-27,Email,Southeast,33180,514,331.81,47,7433.7
2025-12-27,Email,Midwest,31966,1164,319.66,27,3053.56
2025-12-27,Email,West,45423,1770,454.23,122,18061.94
2025-12-27,Social Media,Northeast,146826,3963,1468.26,278,30056.53
2025-12-27,Social Media,Southeast,122747,5359,1227.48,479,63246.25
2025-12-27,Social Media,Midwest,117257,4857,1172.57,582,66026.31
2025-12-27,Social Media,West,175287,8777,1752.88,276,24409.02
2025-12-27,Paid Search,Northeast,72549,3370,2720.62,172,21405.62
2025-12-27,Paid Search,Southeast,57270,2988,2147.65,139,20274.06
2025-12-27,Paid Search,Midwest,52047,2309,1951.79,259,34033.94
2025-12-27,Paid Search,West,52717,859,1976.91,61,9338.28
2025-12-27,Display Ads,Northeast,223716,9868,1118.58,1035,42644.37
2025-12-27,Display Ads,Southeast,195829,8200,979.15,507,79340.91
2025-12-27,Display Ads,Midwest,204161,2176,1020.81,258,17736.7
2025-12-27,Display Ads,West,276242,12042,1381.21,1271,75923.45
2025-12-28,Email,Northeast,41796,2437,417.97,82,4359.3
2025-12-28,Email,Southeast,38809,1972,388.09,76,6298.95
2025-12-28,Email,Midwest,30277,863,302.77,91,16719.2
2025-12-28,Email,West,41432,1849,414.33,49,7554.56
2025-12-28,Social Media,Northeast,147195,5572,1471.95,382,24309.83
2025-12-28,Social Media,Southeast,151966,7435,1519.66,405,66679.5
2025-12-28,Social Media,Midwest,134219,3774,1342.19,392,28159.02
2025-12-28,Social Media,West,124429,7447,1244.29,578,100093.42
2025-12-28,Paid Search,Northeast,54913,1676,2059.26,59,7903.07
2025-12-28,Paid Search,Southeast,48324,2220,1812.18,75,3816.18
2025-12-28,Paid Search,Midwest,41745,1585,1565.45,33,4698.78
2025-12-28,Paid Search,West,67222,1707,2520.84,72,12770.83
2025-12-28,Display Ads,Northeast,226577,8928,1132.89,869,103349.58
2025-12-28,Display Ads,Southeast,199868,6399,999.34,712,140077.15
2025-12-28,Display Ads,Midwest,153332,3334,766.66,334,31994.08
2025-12-28,Display Ads,West,203362,9834,1016.81,1026,168523.7
2025-12-29,Email,Northeast,49871,1776,498.71,169,20448.92
2025-12-29,Email,Southeast,48412,2876,484.13,172,16272.78
2025-12-29,Email,Midwest,38730,1927,387.31,67,5102.65
2025-12-29,Email,West,45386,2198,453.87,110,17701.17
2025-12-29,Social Media,Northeast,228837,2905,2288.38,187,25726.93
2025-12-29,Social Media,Southeast,166403,1876,1664.04,39,4719.53
2025-12-29,Social Media,Midwest,207568,8661,2075.69,550,41692.5
2025-12-29,Social Media,West,227961,12031,2279.62,379,34469.87
2025-12-29,Paid Search,Northeast,111997,1948,4199.92,137,7206.53
2025-12-29,Paid Search,Southeast,83096,1749,3116.1,142,17317.84
2025-12-29,Paid Search,Midwest,75405,3891,2827.72,407,71093.73
2025-12-29,Paid Search,West,102339,4286,3837.72,339,56051.78
2025-12-29,Display Ads,Northeast,305464,12104,1527.32,987,75535.51
2025-12-29,Display Ads,Southeast,288930,10013,1444.65,1191,237032.19
2025-12-29,Display Ads,Midwest,301820,4260,1509.1,465,91972.36
2025-12-29,Display Ads,West,375197,16709,1875.99,1682,229626.27
