order_date,product_category,region,revenue,quantity,discount_amount,order_count,refund_amount
2025-10-01,Electronics,Northeast,6334.62,31,142.54,11,233.26
2025-10-01,Electronics,Southeast,5353.4,26,584.69,8,0.0
2025-10-01,Electronics,Midwest,3653.63,18,152.95,8,36.32
2025-10-01,Electronics,West,5829.75,29,434.28,10,0.0
2025-10-01,Clothing,Northeast,4045.58,80,83.54,43,0.0
2025-10-01,Clothing,Southeast,2808.3,56,99.83,32,0.0
2025-10-01,Clothing,Midwest,2260.17,45,67.06,24,0.0
2025-10-01,Clothing,West,3705.41,74,344.5,34,0.0
2025-10-01,Home & Garden,Northeast,2854.24,39,214.65,21,0.0
2025-10-01,Home & Garden,Southeast,2861.71,40,222.46,20,32.61
2025-10-01,Home & Garden,Midwest,2060.45,28,57.65,10,28.64
2025-10-01,Home & Garden,West,2899.25,40,163.76,16,38.7
2025-10-01,Sports,Northeast,2819.19,42,239.08,20,102.78
2025-10-01,Sports,Southeast,1730.72,25,100.29,14,0.0
2025-10-01,Sports,Midwest,1841.0,27,162.86,14,0.0
2025-10-01,Sports,West,1961.56,29,45.53,11,20.69
2025-10-02,Electronics,Northeast,7062.98,35,760.24,13,0.0
2025-10-02,Electronics,Southeast,4791.26,23,534.01,10,59.08
2025-10-02,Electronics,Midwest,4610.46,23,213.35,10,0.0
2025-10-02,Electronics,West,5278.68,26,221.35,15,0.0
2025-10-02,Clothing,Northeast,3010.91,60,74.4,19,0.0
2025-10-02,Clothing,Southeast,3350.5,67,208.45,21,0.0
2025-10-02,Clothing,Midwest,3235.81,64,235.93,37,0.0
2025-10-02,Clothing,West,2655.15,53,244.47,26,0.0
2025-10-02,Home & Garden,Northeast,2720.19,38,228.76,12,0.0
2025-10-02,Home & Garden,Southeast,2453.72,34,283.11,19,61.41
2025-10-02,Home & Garden,Midwest,1960.79,27,218.16,15,62.64
2025-10-02,Home & Garden,West,2869.87,40,101.26,21,0.0
2025-10-02,Sports,Northeast,2667.48,40,194.82,12,0.0
2025-10-02,Sports,Southeast,1615.58,24,182.41,13,0.0
2025-10-02,Sports,Midwest,1661.41,24,42.85,13,0.0
2025-10-02,Sports,West,1835.38,27,125.91,8,0.0
2025-10-03,Electronics,Northeast,6638.0,33,217.99,14,0.0
2025-10-03,Electronics,Southeast,4530.11,22,485.82,9,122.15
2025-10-03,Electronics,Midwest,4913.88,24,197.12,9,0.0
2025-10-03,Electronics,West,5829.73,29,372.0,13,65.5
2025-10-03,Clothing,Northeast,3366.84,67,265.41,24,11.95
2025-10-03,Clothing,Southeast,3157.32,63,135.43,36,0.0
2025-10-03,Clothing,Midwest,2236.53,44,97.96,22,14.8
2025-10-03,Clothing,West,3874.88,77,298.77,34,0.0
2025-10-03,Home & Garden,Northeast,3369.0,47,131.53,15,0.0
2025-10-03,Home & Garden,Southeast,2423.58,33,161.66,17,0.0
2025-10-03,Home & Garden,Midwest,2685.75,37,80.15,15,0.0
2025-10-03,Home & Garden,West,3147.84,44,141.23,15,0.0
2025-10-03,Sports,Northeast,2325.01,34,111.26,12,0.0
2025-10-03,Sports,Southeast,1954.5,29,207.44,13,97.65
2025-10-03,Sports,Midwest,2041.94,30,238.7,17,0.0
2025-10-03,Sports,West,1906.35,28,130.71,10,0.0
2025-10-04,Electronics,Northeast,6422.94,32,371.87,19,251.8
2025-10-04,Electronics,Southeast,6383.02,31,397.67,18,0.0
2025-10-04,Electronics,Midwest,5980.5,29,549.25,10,289.67
2025-10-04,Electronics,West,7376.46,36,547.48,18,215.46
2025-10-04,Clothing,Northeast,4685.34,93,493.24,32,0.0
2025-10-04,Clothing,Southeast,3244.97,64,125.2,30,0.0
2025-10-04,Clothing,Midwest,3138.23,62,100.39,35,93.29
2025-10-04,Clothing,West,4494.86,89,278.33,42,0.0
2025-10-04,Home & Garden,Northeast,4578.14,64,185.08,32,90.6
2025-10-04,Home & Garden,Southeast,3473.2,48,173.66,18,0.0
2025-10-04,Home & Garden,Midwest,2424.88,33,159.63,19,0.0
2025-10-04,Home & Garden,West,2964.76,41,122.49,15,0.0
2025-10-04,Sports,Northeast,3595.32,53,388.03,21,149.88
2025-10-04,Sports,Southeast,2811.68,42,228.22,25,0.0
2025-10-04,Sports,Midwest,1879.32,28,191.15,10,0.0
2025-10-04,Sports,West,3362.14,50,112.39,16,93.0
2025-10-05,Electronics,Northeast,7089.73,35,570.6,18,224.83
2025-10-05,Electronics,Southeast,5886.36,29,405.29,16,0.0
2025-10-05,Electronics,Midwest,4895.98,24,305.3,9,188.77
2025-10-05,Electronics,West,7542.14,37,348.41,19,0.0
2025-10-05,Clothing,Northeast,4544.63,90,95.29,29,0.0
2025-10-05,Clothing,Southeast,4530.13,90,337.76,49,0.0
2025-10-05,Clothing,Midwest,3015.92,60,98.75,23,0.0
2025-10-05,Clothing,West,4798.15,95,508.94,54,59.86
2025-10-05,Home & Garden,Northeast,3280.36,45,321.51,25,0.0
2025-10-05,Home & Garden,Southeast,3406.86,47,120.79,27,0.0
2025-10-05,Home & Garden,Midwest,3482.16,48,351.97,27,128.24
2025-10-05,Home & Garden,West,3335.03,46,377.13,24,0.0
2025-10-05,Sports,Northeast,3507.82,52,163.75,27,152.97
2025-10-05,Sports,Southeast,2972.94,44,125.59,23,0.0
2025-10-05,Sports,Midwest,2157.66,32,214.76,11,20.84
2025-10-05,Sports,West,2663.53,39,283.49,23,85.43
2025-10-06,Electronics,Northeast,5759.23,28,680.25,12,0.0
2025-10-06,Electronics,Southeast,4230.68,21,495.16,7,0.0
2025-10-06,Electronics,Midwest,4077.84,20,125.76,8,0.0
2025-10-06,Electronics,West,5090.09,25,410.37,11,0.0
2025-10-06,Clothing,Northeast,3710.29,74,168.72,37,171.71
2025-10-06,Clothing,Southeast,3046.14,60,280.07,31,0.0
2025-10-06,Clothing,Midwest,2553.36,51,68.93,25,0.0
2025-10-06,Clothing,West,3054.37,61,320.1,31,0.0
2025-10-06,Home & Garden,Northeast,2771.14,38,168.59,15,17.64
2025-10-06,Home & Garden,Southeast,2420.45,33,276.02,16,0.0
2025-10-06,Home & Garden,Midwest,2353.96,32,117.92,14,33.77
2025-10-06,Home & Garden,West,2672.88,37,208.48,18,0.0
2025-10-06,Sports,Northeast,2344.47,35,96.99,15,0.0
2025-10-06,Sports,Southeast,2236.82,33,82.69,10,0.0
2025-10-06,Sports,Midwest,1895.72,28,101.46,15,0.0
2025-10-06,Sports,West,2352.06,35,99.88,12,28.79
2025-10-07,Electronics,Northeast,5940.33,29,623.58,9,0.0
2025-10-07,Electronics,Southeast,5259.53,26,207.45,13,0.0
2025-10-07,Electronics,Midwest,4039.17,20,345.78,6,0.0
2025-10-07,Electronics,West,6094.1,30,186.84,12,291.9
2025-10-07,Clothing,Northeast,3625.86,72,90.73,26,0.0
2025-10-07,Clothing,Southeast,2947.75,58,295.19,29,0.0
2025-10-07,Clothing,Midwest,2803.09,56,322.37,31,0.0
2025-10-07,Clothing,West,3589.44,71,252.98,38,0.0
2025-10-07,Home & Garden,Northeast,3476.65,48,328.08,21,42.98
2025-10-07,Home & Garden,Southeast,2637.66,36,254.75,16,0.0
2025-10-07,Home & Garden,Midwest,2047.14,28,56.8,10,32.72
2025-10-07,Home & Garden,West,2794.17,39,94.55,14,0.0
2025-10-07,Sports,Northeast,2598.16,38,68.65,16,0.0
2025-10-07,Sports,Southeast,1932.62,28,78.63,11,0.0
2025-10-07,Sports,Midwest,1860.54,27,166.62,15,0.0
2025-10-07,Sports,West,2094.74,31,43.13,12,0.0
2025-10-08,Electronics,Northeast,6848.28,34,789.9,14,0.0
2025-10-08,Electronics,Southeast,5092.26,25,409.04,9,110.97
2025-10-08,Electronics,Midwest,3652.24,18,195.81,9,0.0
2025-10-08,Electronics,West,4763.1,23,317.88,7,0.0
2025-10-08,Clothing,Northeast,2918.83,58,173.38,27,93.8
2025-10-08,Clothing,Southeast,2562.84,51,169.58,16,0.0
2025-10-08,Clothing,Midwest,2388.59,47,125.84,24,0.0
2025-10-08,Clothing,West,3632.65,72,374.86,27,3.52
2025-10-08,Home & Garden,Northeast,3047.3,42,365.65,17,0.0
2025-10-08,Home & Garden,Southeast,2781.23,38,236.89,19,0.0
2025-10-08,Home & Garden,Midwest,1979.42,27,43.62,9,66.26
2025-10-08,Home & Garden,West,2820.37,39,117.88,19,0.0
2025-10-08,Sports,Northeast,2081.08,31,167.99,16,85.25
2025-10-08,Sports,Southeast,2371.78,35,73.07,10,0.0
2025-10-08,Sports,Midwest,1927.69,28,223.26,11,0.0
2025-10-08,Sports,West,1826.88,27,162.7,13,70.56
2025-10-09,Electronics,Northeast,6840.7,34,547.54,11,0.0
2025-10-09,Electronics,Southeast,5565.27,27,304.53,11,0.0
2025-10-09,Electronics,Midwest,4510.73,22,244.13,12,0.0
2025-10-09,Electronics,West,4632.19,23,537.7,11,0.0
2025-10-09,Clothing,Northeast,3898.52,77,247.75,40,0.0
2025-10-09,Clothing,Southeast,2724.1,54,274.64,24,0.0
2025-10-09,Clothing,Midwest,2630.42,52,244.9,19,0.0
2025-10-09,Clothing,West,3736.56,74,107.11,41,86.82
2025-10-09,Home & Garden,Northeast,3132.4,43,181.36,13,0.0
2025-10-09,Home & Garden,Southeast,2181.84,30,89.92,16,0.0
2025-10-09,Home & Garden,Midwest,2592.29,36,233.61,13,122.88
2025-10-09,Home & Garden,West,2294.17,32,211.08,14,0.0
2025-10-09,Sports,Northeast,2582.98,38,218.5,16,0.0
2025-10-09,Sports,Southeast,1674.44,25,70.59,12,0.0
2025-10-09,Sports,Midwest,1858.72,27,125.14,12,0.0
2025-10-09,Sports,West,2416.42,36,128.26,18,30.37
2025-10-10,Electronics,Northeast,5089.57,25,199.81,8,0.0
2025-10-10,Electronics,Southeast,5524.38,27,212.77,9,0.0
2025-10-10,Electronics,Midwest,4904.25,24,577.04,10,24.65
2025-10-10,Electronics,West,4827.06,24,206.35,8,128.92
2025-10-10,Clothing,Northeast,3275.01,65,384.58,30,0.0
2025-10-10,Clothing,Southeast,2551.54,51,272.62,22,0.0
2025-10-10,Clothing,Midwest,2779.99,55,186.09,23,7.14
2025-10-10,Clothing,West,3882.2,77,263.11,42,0.0
2025-10-10,Home & Garden,Northeast,2488.9,34,206.44,10,70.04
2025-10-10,Home & Garden,Southeast,2303.84,32,275.06,10,0.0
2025-10-10,Home & Garden,Midwest,2345.69,32,232.4,11,0.0
2025-10-10,Home & Garden,West,2695.57,37,173.25,20,0.0
2025-10-10,Sports,Northeast,2213.17,33,181.71,15,0.0
2025-10-10,Sports,Southeast,2358.07,35,96.16,12,0.0
2025-10-10,Sports,Midwest,1553.08,23,58.06,7,34.98
2025-10-10,Sports,West,2282.55,34,112.13,12,0.0
2025-10-11,Electronics,Northeast,8433.32,42,551.57,21,0.0
2025-10-11,Electronics,Southeast,7248.35,36,598.03,17,0.0
2025-10-11,Electronics,Midwest,5674.83,28,422.53,13,0.0
2025-10-11,Electronics,West,8084.17,40,219.41,13,0.0
2025-10-11,Clothing,Northeast,5146.05,102,395.84,39,177.2
2025-10-11,Clothing,Southeast,4211.58,84,481.25,37,0.0
2025-10-11,Clothing,Midwest,2920.94,58,70.06,24,0.0
2025-10-11,Clothing,West,3861.63,77,112.5,45,0.0
2025-10-11,Home & Garden,Northeast,4017.31,56,462.31,33,0.0
2025-10-11,Home & Garden,Southeast,2950.36,41,70.88,21,0.0
2025-10-11,Home & Garden,Midwest,3102.27,43,346.24,15,0.0
2025-10-11,Home & Garden,West,3767.74,52,260.62,17,0.0
2025-10-11,Sports,Northeast,2911.97,43,253.38,23,0.0
2025-10-11,Sports,Southeast,2801.42,42,136.77,24,0.0
2025-10-11,Sports,Midwest,2386.89,35,156.3,13,0.0
2025-10-11,Sports,West,3397.89,50,205.29,22,0.0
2025-10-12,Electronics,Northeast,8291.9,41,615.75,17,149.99
2025-10-12,Electronics,Southeast,7166.75,35,591.55,18,196.81
2025-10-12,Electronics,Midwest,6850.75,34,437.16,17,333.34
2025-10-12,Electronics,West,7461.37,37,327.78,12,0.0
2025-10-12,Clothing,Northeast,4777.81,95,140.09,56,0.0
2025-10-12,Clothing,Southeast,3839.86,76,121.9,41,0.0
2025-10-12,Clothing,Midwest,3814.11,76,270.37,29,0.0
2025-10-12,Clothing,West,5114.1,102,226.93,47,0.0
2025-10-12,Home & Garden,Northeast,4558.11,63,322.82,35,0.0
2025-10-12,Home & Garden,Southeast,2959.12,41,292.95,17,0.0
2025-10-12,Home & Garden,Midwest,2934.05,41,299.43,15,86.11
2025-10-12,Home & Garden,West,4288.43,60,295.75,20,0.0
2025-10-12,Sports,Northeast,2926.71,43,220.06,19,0.0
2025-10-12,Sports,Southeast,2414.65,36,93.85,18,0.0
2025-10-12,Sports,Midwest,2090.61,31,203.95,9,0.0
2025-10-12,Sports,West,3094.78,46,313.01,19,0.0
2025-10-13,Electronics,Northeast,6769.79,33,799.39,14,170.02
2025-10-13,Electronics,Southeast,5180.36,25,554.14,14,0.0
2025-10-13,Electronics,Midwest,4546.71,22,298.69,11,0.0
2025-10-13,Electronics,West,5840.52,29,206.97,12,0.0
2025-10-13,Clothing,Northeast,3367.53,67,300.62,33,0.0
2025-10-13,Clothing,Southeast,3422.81,68,362.59,28,0.0
2025-10-13,Clothing,Midwest,2936.21,58,281.7,32,10.04
2025-10-13,Clothing,West,3473.13,69,389.31,41,0.0
2025-10-13,Home & Garden,Northeast,2920.77,40,87.17,19,0.0
2025-10-13,Home & Garden,Southeast,2443.68,34,218.47,19,97.28
2025-10-13,Home & Garden,Midwest,2064.03,28,118.65,9,0.0
2025-10-13,Home & Garden,West,2822.52,39,280.14,13,122.9
2025-10-13,Sports,Northeast,2514.92,37,110.87,21,57.99
2025-10-13,Sports,Southeast,1803.18,27,82.1,8,0.0
2025-10-13,Sports,Midwest,2088.87,31,183.32,10,0.0
2025-10-13,Sports,West,2064.1,30,162.56,14,0.0
2025-10-14,Electronics,Northeast,5400.24,27,564.49,9,0.0
2025-10-14,Electronics,Southeast,4966.42,24,217.13,11,0.0
2025-10-14,Electronics,Midwest,5386.85,26,266.77,15,0.0
2025-10-14,Electronics,West,5003.86,25,383.26,12,0.0
2025-10-14,Clothing,Northeast,2950.62,59,237.94,26,0.0
2025-10-14,Clothing,Southeast,2743.43,54,274.03,26,0.0
2025-10-14,Clothing,Midwest,2847.55,56,233.75,28,0.0
2025-10-14,Clothing,West,3510.12,70,364.47,34,0.0
2025-10-14,Home & Garden,Northeast,3175.61,44,161.62,19,0.0
2025-10-14,Home & Garden,Southeast,2732.36,38,79.27,14,0.0
2025-10-14,Home & Garden,Midwest,1958.08,27,65.04,12,0.0
2025-10-14,Home & Garden,West,2783.94,38,309.99,20,114.79
2025-10-14,Sports,Northeast,2382.57,35,239.8,18,0.0
2025-10-14,Sports,Southeast,1692.14,25,196.78,8,0.0
2025-10-14,Sports,Midwest,2059.3,30,190.32,17,0.0
2025-10-14,Sports,West,2468.04,37,139.64,19,66.21
2025-10-15,Electronics,Northeast,5891.49,29,514.23,14,0.0
2025-10-15,Electronics,Southeast,5644.83,28,643.68,9,7.06
2025-10-15,Electronics,Midwest,5191.62,25,395.29,14,16.41
2025-10-15,Electronics,West,6212.48,31,689.2,12,0.0
2025-10-15,Clothing,Northeast,3081.28,61,353.2,23,0.0
2025-10-15,Clothing,Southeast,2516.63,50,273.62,17,0.0
2025-10-15,Clothing,Midwest,2884.13,57,272.01,33,0.0
2025-10-15,Clothing,West,3619.8,72,128.33,30,88.57
2025-10-15,Home & Garden,Northeast,2889.74,40,332.76,12,0.0
2025-10-15,Home & Garden,Southeast,2443.38,34,281.12,18,83.77
2025-10-15,Home & Garden,Midwest,2290.02,32,269.73,13,0.0
2025-10-15,Home & Garden,West,2408.79,33,77.6,18,0.0
2025-10-15,Sports,Northeast,2556.26,38,215.16,18,100.56
2025-10-15,Sports,Southeast,1794.86,26,58.5,12,68.67
2025-10-15,Sports,Midwest,1589.15,23,66.1,12,0.0
2025-10-15,Sports,West,1889.85,28,207.98,8,0.0
2025-10-16,Electronics,Northeast,5147.25,25,169.86,9,170.13
2025-10-16,Electronics,Southeast,4051.56,20,87.05,10,65.59
2025-10-16,Electronics,Midwest,3913.64,19,98.78,9,0.0
2025-10-16,Electronics,West,6040.46,30,408.48,16,0.0
2025-10-16,Clothing,Northeast,3037.04,60,213.76,35,118.93
2025-10-16,Clothing,Southeast,3440.38,68,248.21,29,0.0
2025-10-16,Clothing,Midwest,2225.69,44,151.12,18,0.0
2025-10-16,Clothing,West,3287.15,65,364.78,20,99.98
2025-10-16,Home & Garden,Northeast,2478.82,34,117.75,16,0.0
2025-10-16,Home & Garden,Southeast,2325.19,32,277.77,14,0.0
2025-10-16,Home & Garden,Midwest,2344.88,32,70.15,16,0.0
2025-10-16,Home & Garden,West,2916.01,40,282.55,20,65.84
2025-10-16,Sports,Northeast,2139.35,32,115.3,13,0.0
2025-10-16,Sports,Southeast,1676.07,25,105.05,12,0.0
2025-10-16,Sports,Midwest,1549.9,23,174.05,7,0.0
2025-10-16,Sports,West,1842.04,27,54.63,14,0.0
2025-10-17,Electronics,Northeast,6135.29,30,482.52,14,0.0
2025-10-17,Electronics,Southeast,4244.46,21,234.97,10,0.0
2025-10-17,Electronics,Midwest,5162.57,25,475.5,14,0.0
2025-10-17,Electronics,West,5173.62,25,402.47,9,0.0
2025-10-17,Clothing,Northeast,3202.91,64,98.72,35,0.0
2025-10-17,Clothing,Southeast,3315.13,66,256.62,35,0.0
2025-10-17,Clothing,Midwest,3212.51,64,327.17,30,0.0
2025-10-17,Clothing,West,2674.66,53,301.99,29,24.13
2025-10-17,Home & Garden,Northeast,3243.24,45,165.08,18,141.06
2025-10-17,Home & Garden,Southeast,2566.32,35,154.18,11,0.0
2025-10-17,Home & Garden,Midwest,1827.59,25,172.91,9,0.0
2025-10-17,Home & Garden,West,2574.99,36,146.79,18,0.0
2025-10-17,Sports,Northeast,2464.89,36,70.24,11,76.15
2025-10-17,Sports,Southeast,2139.17,32,100.99,15,0.0
2025-10-17,Sports,Midwest,1758.27,26,83.2,13,37.8
2025-10-17,Sports,West,2009.26,30,176.51,13,0.0
2025-10-18,Electronics,Northeast,6381.7,31,379.88,14,96.18
2025-10-18,Electronics,Southeast,5749.21,28,193.88,10,0.0
2025-10-18,Electronics,Midwest,4698.09,23,444.92,8,0.0
2025-10-18,Electronics,West,7732.5,38,541.48,20,0.0
2025-10-18,Clothing,Northeast,3878.93,77,411.85,24,178.66
2025-10-18,Clothing,Southeast,4464.89,89,346.37,42,0.0
2025-10-18,Clothing,Midwest,3394.44,67,106.98,20,0.0
2025-10-18,Clothing,West,4807.07,96,393.28,52,0.0
2025-10-18,Home & Garden,Northeast,3257.48,45,340.24,16,0.0
2025-10-18,Home & Garden,Southeast,3281.15,45,195.48,17,0.0
2025-10-18,Home & Garden,Midwest,2729.69,38,100.49,17,69.6
2025-10-18,Home & Garden,West,4155.47,58,228.29,30,0.0
2025-10-18,Sports,Northeast,3513.17,52,153.27,17,105.82
2025-10-18,Sports,Southeast,2870.62,43,245.58,15,0.0
2025-10-18,Sports,Midwest,2334.49,35,222.81,18,0.0
2025-10-18,Sports,West,3345.23,50,255.74,24,0.0
2025-10-19,Electronics,Northeast,8936.45,44,739.24,15,197.59
2025-10-19,Electronics,Southeast,5987.33,29,284.2,9,0.0
2025-10-19,Electronics,Midwest,5406.35,27,352.45,8,0.0
2025-10-19,Electronics,West,5939.45,29,632.11,16,0.0
2025-10-19,Clothing,Northeast,4693.23,93,311.03,43,0.0
2025-10-19,Clothing,Southeast,4517.57,90,293.52,48,0.0
2025-10-19,Clothing,Midwest,3259.42,65,220.22,22,16.87
2025-10-19,Clothing,West,4974.9,99,270.35,50,0.0
2025-10-19,Home & Garden,Northeast,3389.19,47,151.75,20,0.0
2025-10-19,Home & Garden,Southeast,3279.57,45,117.65,18,67.03
2025-10-19,Home & Garden,Midwest,2735.89,38,218.29,20,0.0
2025-10-19,Home & Garden,West,2954.25,41,87.0,20,106.9
2025-10-19,Sports,Northeast,3315.39,49,366.8,27,0.0
2025-10-19,Sports,Southeast,2686.05,40,91.71,16,0.0
2025-10-19,Sports,Midwest,2525.78,37,149.52,17,0.0
2025-10-19,Sports,West,2642.16,39,152.37,20,0.0
2025-10-20,Electronics,Northeast,6408.28,32,659.39,16,0.0
2025-10-20,Electronics,Southeast,5052.79,25,427.48,10,0.0
2025-10-20,Electronics,Midwest,4252.68,21,161.71,7,0.0
2025-10-20,Electronics,West,5469.8,27,233.31,9,230.94
2025-10-20,Clothing,Northeast,3025.64,60,293.75,33,0.0
2025-10-20,Clothing,Southeast,2445.3,48,131.25,25,46.06
2025-10-20,Clothing,Midwest,2335.23,46,240.84,24,0.0
2025-10-20,Clothing,West,2858.51,57,182.28,24,0.0
2025-10-20,Home & Garden,Northeast,2685.04,37,172.97,14,0.0
2025-10-20,Home & Garden,Southeast,2448.93,34,179.75,13,0.0
2025-10-20,Home & Garden,Midwest,2222.11,31,230.01,12,0.0
2025-10-20,Home & Garden,West,3282.88,45,217.22,17,0.0
2025-10-20,Sports,Northeast,2426.36,36,282.98,19,0.0
2025-10-20,Sports,Southeast,1710.72,25,76.98,12,0.0
2025-10-20,Sports,Midwest,1839.27,27,55.65,14,0.0
2025-10-20,Sports,West,2010.86,30,193.67,11,0.0
2025-10-21,Electronics,Northeast,5153.64,25,328.53,14,116.25
2025-10-21,Electronics,Southeast,4699.17,23,106.52,7,0.0
2025-10-21,Electronics,Midwest,4024.4,20,480.72,8,187.3
2025-10-21,Electronics,West,6246.19,31,530.9,16,89.6
2025-10-21,Clothing,Northeast,4074.86,81,365.14,27,0.0
2025-10-21,Clothing,Southeast,2938.32,58,60.31,18,122.67
2025-10-21,Clothing,Midwest,2752.71,55,255.24,25,39.65
2025-10-21,Clothing,West,3037.52,60,75.25,25,0.0
2025-10-21,Home & Garden,Northeast,2948.54,41,91.66,23,0.0
2025-10-21,Home & Garden,Southeast,2016.44,28,144.25,10,43.28
2025-10-21,Home & Garden,Midwest,2353.33,32,103.68,13,0.0
2025-10-21,Home & Garden,West,2294.18,32,269.49,10,0.0
2025-10-21,Sports,Northeast,2407.03,36,286.03,16,0.0
2025-10-21,Sports,Southeast,1976.11,29,165.14,17,1.6
2025-10-21,Sports,Midwest,2007.73,30,109.38,15,0.0
2025-10-21,Sports,West,2438.92,36,228.08,14,66.58
2025-10-22,Electronics,Northeast,6752.42,33,253.28,17,0.0
2025-10-22,Electronics,Southeast,5390.78,26,448.37,14,209.21
2025-10-22,Electronics,Midwest,4423.82,22,218.29,6,9.27
2025-10-22,Electronics,West,6453.42,32,461.67,19,0.0
2025-10-22,Clothing,Northeast,3244.77,64,309.32,22,0.0
2025-10-22,Clothing,Southeast,3337.01,66,355.66,26,61.4
2025-10-22,Clothing,Midwest,3120.65,62,294.37,35,0.0
2025-10-22,Clothing,West,3925.32,78,273.28,35,0.0
2025-10-22,Home & Garden,Northeast,3023.13,42,302.66,21,91.06
2025-10-22,Home & Garden,Southeast,2822.34,39,210.4,15,93.27
2025-10-22,Home & Garden,Midwest,2075.85,29,166.61,12,0.0
2025-10-22,Home & Garden,West,2586.7,36,62.69,20,0.0
2025-10-22,Sports,Northeast,2878.22,43,136.59,25,0.0
2025-10-22,Sports,Southeast,1660.03,24,139.03,9,0.0
2025-10-22,Sports,Midwest,1929.18,28,222.39,9,0.0
2025-10-22,Sports,West,2447.55,36,57.47,11,0.0
2025-10-23,Electronics,Northeast,5679.19,28,331.01,13,0.0
2025-10-23,Electronics,Southeast,5358.12,26,615.55,10,0.0
2025-10-23,Electronics,Midwest,4633.06,23,337.96,9,0.0
2025-10-23,Electronics,West,4949.15,24,155.13,12,0.0
2025-10-23,Clothing,Northeast,3437.26,68,261.81,25,76.7
2025-10-23,Clothing,Southeast,3595.64,71,174.6,40,0.0
2025-10-23,Clothing,Midwest,2292.45,45,241.36,19,0.0
2025-10-23,Clothing,West,3227.55,64,92.89,32,0.0
2025-10-23,Home & Garden,Northeast,2783.51,38,152.38,12,0.0
2025-10-23,Home & Garden,Southeast,2891.33,40,303.98,20,0.0
2025-10-23,Home & Garden,Midwest,2373.93,33,235.9,14,23.86
2025-10-23,Home & Garden,West,2352.76,32,233.01,9,0.0
2025-10-23,Sports,Northeast,2274.15,34,228.25,15,0.0
2025-10-23,Sports,Southeast,1668.97,25,85.0,14,0.0
2025-10-23,Sports,Midwest,1818.5,27,176.24,14,88.41
2025-10-23,Sports,West,2325.26,34,151.14,17,0.0
2025-10-24,Electronics,Northeast,6907.1,34,677.08,16,333.7
2025-10-24,Electronics,Southeast,4865.24,24,540.39,7,37.22
2025-10-24,Electronics,Midwest,3896.38,19,203.65,9,0.0
2025-10-24,Electronics,West,6469.99,32,708.42,17,205.44
2025-10-24,Clothing,Northeast,3673.21,73,119.44,28,0.0
2025-10-24,Clothing,Southeast,3003.09,60,110.7,34,98.91
2025-10-24,Clothing,Midwest,2938.28,58,236.57,32,0.0
2025-10-24,Clothing,West,3729.31,74,85.17,23,0.0
2025-10-24,Home & Garden,Northeast,3092.13,43,263.18,22,0.0
2025-10-24,Home & Garden,Southeast,2638.99,36,184.21,17,126.23
2025-10-24,Home & Garden,Midwest,2234.65,31,224.51,15,8.15
2025-10-24,Home & Garden,West,2265.9,31,144.93,13,68.73
2025-10-24,Sports,Northeast,2220.08,33,203.88,17,0.0
2025-10-24,Sports,Southeast,2380.3,35,78.73,14,0.0
2025-10-24,Sports,Midwest,1669.76,25,111.28,9,8.08
2025-10-24,Sports,West,2015.39,30,117.73,14,87.2
2025-10-25,Electronics,Northeast,6738.26,33,355.4,15,0.0
2025-10-25,Electronics,Southeast,7184.12,35,501.64,15,0.0
2025-10-25,Electronics,Midwest,5401.98,27,120.56,15,0.0
2025-10-25,Electronics,West,8484.72,42,352.24,17,209.95
2025-10-25,Clothing,Northeast,5395.74,107,460.94,47,0.0
2025-10-25,Clothing,Southeast,4441.59,88,280.23,49,0.0
2025-10-25,Clothing,Midwest,3880.45,77,219.61,32,0.0
2025-10-25,Clothing,West,3766.03,75,283.67,24,0.0
2025-10-25,Home & Garden,Northeast,4312.47,60,206.88,35,0.0
2025-10-25,Home & Garden,Southeast,2754.45,38,323.67,15,0.0
2025-10-25,Home & Garden,Midwest,2736.73,38,311.7,20,69.67
2025-10-25,Home & Garden,West,3575.11,50,87.7,17,0.0
2025-10-25,Sports,Northeast,3087.23,46,202.83,22,0.0
2025-10-25,Sports,Southeast,2421.08,36,196.85,12,0.0
2025-10-25,Sports,Midwest,2564.0,38,128.0,15,0.0
2025-10-25,Sports,West,2897.0,43,263.26,16,0.0
2025-10-26,Electronics,Northeast,7389.28,36,645.68,21,0.0
2025-10-26,Electronics,Southeast,7271.56,36,672.86,18,172.55
2025-10-26,Electronics,Midwest,6942.95,34,682.43,18,0.0
2025-10-26,Electronics,West,7783.2,38,609.83,13,0.0
2025-10-26,Clothing,Northeast,4904.15,98,510.6,33,0.0
2025-10-26,Clothing,Southeast,3169.25,63,363.89,20,49.71
2025-10-26,Clothing,Midwest,3020.61,60,268.99,25,0.0
2025-10-26,Clothing,West,5011.61,100,537.65,52,34.6
2025-10-26,Home & Garden,Northeast,3443.45,48,180.8,23,0.0
2025-10-26,Home & Garden,Southeast,3007.88,42,112.25,24,0.0
2025-10-26,Home & Garden,Midwest,2754.52,38,267.74,19,0.0
2025-10-26,Home & Garden,West,3851.44,53,312.0,18,107.47
2025-10-26,Sports,Northeast,2776.63,41,325.67,15,28.78
2025-10-26,Sports,Southeast,2813.19,42,145.45,16,0.0
2025-10-26,Sports,Midwest,2616.5,39,123.88,13,0.0
2025-10-26,Sports,West,2722.37,40,321.28,21,0.0
2025-10-27,Electronics,Northeast,6731.08,33,330.13,12,0.0
2025-10-27,Electronics,Southeast,4692.73,23,301.45,8,0.0
2025-10-27,Electronics,Midwest,3963.72,19,292.75,11,0.0
2025-10-27,Electronics,West,4702.0,23,383.53,10,157.48
2025-10-27,Clothing,Northeast,3644.7,72,305.41,22,0.0
2025-10-27,Clothing,Southeast,3260.83,65,98.0,34,89.73
2025-10-27,Clothing,Midwest,3163.43,63,191.99,36,0.0
2025-10-27,Clothing,West,3270.23,65,130.63,38,0.0
2025-10-27,Home & Garden,Northeast,3175.08,44,351.78,14,0.0
2025-10-27,Home & Garden,Southeast,2535.15,35,234.02,20,0.0
2025-10-27,Home & Garden,Midwest,1957.56,27,211.86,9,0.0
2025-10-27,Home & Garden,West,3296.89,46,196.82,20,0.0
2025-10-27,Sports,Northeast,2843.65,42,320.21,23,80.75
2025-10-27,Sports,Southeast,1685.84,25,199.43,9,0.0
2025-10-27,Sports,Midwest,1831.18,27,127.07,15,0.0
2025-10-27,Sports,West,2171.86,32,85.31,10,49.83
2025-10-28,Electronics,Northeast,5417.44,27,209.22,14,0.0
2025-10-28,Electronics,Southeast,5135.56,25,491.62,8,0.0
2025-10-28,Electronics,Midwest,5214.68,26,535.54,11,174.5
2025-10-28,Electronics,West,4806.52,24,163.72,9,62.67
2025-10-28,Clothing,Northeast,3219.15,64,307.03,37,0.0
2025-10-28,Clothing,Southeast,3267.46,65,69.09,32,0.0
2025-10-28,Clothing,Midwest,2227.09,44,70.87,17,0.0
2025-10-28,Clothing,West,3303.33,66,361.75,33,0.0
2025-10-28,Home & Garden,Northeast,2540.9,35,283.6,13,0.0
2025-10-28,Home & Garden,Southeast,2219.13,31,74.02,10,0.0
2025-10-28,Home & Garden,Midwest,2345.17,32,144.43,14,0.0
2025-10-28,Home & Garden,West,2791.27,39,241.19,14,105.33
2025-10-28,Sports,Northeast,2758.21,41,77.75,17,0.0
2025-10-28,Sports,Southeast,1662.48,24,127.04,7,0.0
2025-10-28,Sports,Midwest,1803.95,27,139.39,9,0.0
2025-10-28,Sports,West,2217.9,33,70.14,11,0.0
2025-10-29,Electronics,Northeast,5018.26,25,356.48,13,0.0
2025-10-29,Electronics,Southeast,5026.5,25,330.14,7,0.0
2025-10-29,Electronics,Midwest,5052.45,25,466.48,10,0.0
2025-10-29,Electronics,West,6040.77,30,470.16,9,0.0
2025-10-29,Clothing,Northeast,2971.81,59,354.87,34,138.75
2025-10-29,Clothing,Southeast,2438.08,48,148.45,25,0.0
2025-10-29,Clothing,Midwest,3216.6,64,272.09,27,0.0
2025-10-29,Clothing,West,3144.87,62,336.38,35,0.0
2025-10-29,Home & Garden,Northeast,3219.28,45,277.44,20,0.0
2025-10-29,Home & Garden,Southeast,2347.77,32,88.86,14,0.0
2025-10-29,Home & Garden,Midwest,2455.07,34,103.77,10,36.63
2025-10-29,Home & Garden,West,2940.85,41,218.93,18,0.0
2025-10-29,Sports,Northeast,2157.61,32,117.84,12,0.0
2025-10-29,Sports,Southeast,2180.02,32,68.2,17,0.0
2025-10-29,Sports,Midwest,1991.56,29,215.84,8,10.05
2025-10-29,Sports,West,1789.55,26,142.77,13,66.26
2025-10-30,Electronics,Northeast,5765.44,28,250.42,10,0.0
2025-10-30,Electronics,Southeast,4112.89,20,289.5,7,0.0
2025-10-30,Electronics,Midwest,4916.73,24,255.13,11,0.0
2025-10-30,Electronics,West,5105.46,25,256.17,8,0.0
2025-10-30,Clothing,Northeast,3198.3,63,160.08,20,0.0
2025-10-30,Clothing,Southeast,3455.66,69,384.12,33,0.0
2025-10-30,Clothing,Midwest,2695.27,53,315.96,30,0.0
2025-10-30,Clothing,West,3677.26,73,190.75,31,69.22
2025-10-30,Home & Garden,Northeast,3305.3,46,222.62,25,0.0
2025-10-30,Home & Garden,Southeast,2707.58,37,272.32,21,0.0
2025-10-30,Home & Garden,Midwest,2671.01,37,202.27,12,27.16
2025-10-30,Home & Garden,West,2911.38,40,326.72,22,105.48
2025-10-30,Sports,Northeast,2102.86,31,98.51,15,0.0
2025-10-30,Sports,Southeast,2298.9,34,89.23,17,0.0
2025-10-30,Sports,Midwest,1842.37,27,125.17,15,0.0
2025-10-30,Sports,West,2602.18,39,56.03,22,0.0
2025-10-31,Electronics,Northeast,5081.56,25,609.57,11,153.57
2025-10-31,Electronics,Southeast,4409.03,22,491.66,10,0.0
2025-10-31,Electronics,Midwest,4285.19,21,314.38,8,109.88
2025-10-31,Electronics,West,5494.01,27,164.06,16,0.0
2025-10-31,Clothing,Northeast,4089.21,81,455.67,33,0.0
2025-10-31,Clothing,Southeast,3075.03,61,129.54,20,143.72
2025-10-31,Clothing,Midwest,2785.47,55,172.02,19,0.0
2025-10-31,Clothing,West,3141.39,62,324.62,27,0.0
2025-10-31,Home & Garden,Northeast,3221.82,45,147.34,24,0.0
2025-10-31,Home & Garden,Southeast,2641.69,36,182.43,12,0.0
2025-10-31,Home & Garden,Midwest,1952.34,27,179.68,12,0.0
2025-10-31,Home & Garden,West,2796.35,39,235.4,12,118.38
2025-10-31,Sports,Northeast,2827.38,42,245.48,22,0.0
2025-10-31,Sports,Southeast,2274.04,34,98.11,17,57.5
2025-10-31,Sports,Midwest,1708.7,25,139.74,12,0.0
2025-10-31,Sports,West,2185.22,32,150.31,9,0.0
2025-11-01,Electronics,Northeast,6276.98,31,457.85,11,0.0
2025-11-01,Electronics,Southeast,5244.57,26,531.36,13,0.0
2025-11-01,Electronics,Midwest,6808.87,34,209.04,11,65.34
2025-11-01,Electronics,West,7225.66,36,733.56,13,0.0
2025-11-01,Clothing,Northeast,4442.35,88,269.22,41,0.0
2025-11-01,Clothing,Southeast,3472.34,69,306.97,38,0.0
2025-11-01,Clothing,Midwest,4012.94,80,385.08,26,0.0
2025-11-01,Clothing,West,4380.44,87,112.19,26,109.48
2025-11-01,Home & Garden,Northeast,3796.9,53,373.76,24,0.0
2025-11-01,Home & Garden,Southeast,2723.97,38,198.35,11,118.24
2025-11-01,Home & Garden,Midwest,3378.44,47,228.21,14,156.35
2025-11-01,Home & Garden,West,4146.02,58,316.55,17,0.0
2025-11-01,Sports,Northeast,2888.48,43,335.49,20,0.0
2025-11-01,Sports,Southeast,2821.22,42,168.79,13,33.92
2025-11-01,Sports,Midwest,2653.23,39,156.32,22,0.0
2025-11-01,Sports,West,3152.42,47,107.17,28,0.0
2025-11-02,Electronics,Northeast,7802.47,39,916.26,12,0.0
2025-11-02,Electronics,Southeast,7380.55,36,398.99,19,0.0
2025-11-02,Electronics,Midwest,5608.29,28,546.0,8,278.34
2025-11-02,Electronics,West,7123.13,35,395.91,20,0.0
2025-11-02,Clothing,Northeast,5016.39,100,431.75,32,0.0
2025-11-02,Clothing,Southeast,4364.97,87,398.57,28,155.32
2025-11-02,Clothing,Midwest,3698.0,73,347.48,28,0.96
2025-11-02,Clothing,West,3960.99,79,221.78,30,37.11
2025-11-02,Home & Garden,Northeast,3820.2,53,288.33,22,67.6
2025-11-02,Home & Garden,Southeast,2720.98,38,217.15,15,0.0
2025-11-02,Home & Garden,Midwest,2681.46,37,157.62,12,0.0
2025-11-02,Home & Garden,West,4154.45,58,489.47,27,79.09
2025-11-02,Sports,Northeast,2669.27,40,133.77,17,58.01
2025-11-02,Sports,Southeast,2517.95,37,172.29,11,31.05
2025-11-02,Sports,Midwest,2457.03,36,195.04,12,37.43
2025-11-02,Sports,West,3373.45,50,179.54,24,0.0
2025-11-03,Electronics,Northeast,5590.9,27,298.97,14,0.0
2025-11-03,Electronics,Southeast,5948.45,29,199.94,11,0.0
2025-11-03,Electronics,Midwest,3961.53,19,203.7,11,0.0
2025-11-03,Electronics,West,5041.19,25,451.17,11,0.0
2025-11-03,Clothing,Northeast,3229.09,64,186.01,34,0.0
2025-11-03,Clothing,Southeast,2536.67,50,193.76,23,0.0
2025-11-03,Clothing,Midwest,2896.25,57,217.25,33,0.0
2025-11-03,Clothing,West,3575.04,71,228.25,27,0.0
2025-11-03,Home & Garden,Northeast,3382.76,47,336.81,19,0.0
2025-11-03,Home & Garden,Southeast,2633.34,36,116.4,17,0.0
2025-11-03,Home & Garden,Midwest,2510.17,35,68.77,20,0.0
2025-11-03,Home & Garden,West,2640.89,36,186.61,20,0.0
2025-11-03,Sports,Northeast,2441.9,36,241.92,14,0.0
2025-11-03,Sports,Southeast,2029.52,30,170.11,9,0.0
2025-11-03,Sports,Midwest,1913.47,28,106.2,13,94.11
2025-11-03,Sports,West,2356.18,35,141.28,18,0.0
2025-11-04,Electronics,Northeast,5833.09,29,122.81,10,0.0
2025-11-04,Electronics,Southeast,5037.6,25,393.19,11,0.0
2025-11-04,Electronics,Midwest,4304.04,21,418.5,10,0.0
2025-11-04,Electronics,West,5158.93,25,115.85,8,0.0
2025-11-04,Clothing,Northeast,4264.89,85,134.8,49,66.51
2025-11-04,Clothing,Southeast,2946.4,58,119.88,25,0.0
2025-11-04,Clothing,Midwest,2633.22,52,236.14,20,0.0
2025-11-04,Clothing,West,3709.45,74,116.88,41,0.0
2025-11-04,Home & Garden,Northeast,3212.57,44,117.05,26,28.02
2025-11-04,Home & Garden,Southeast,2160.14,30,164.14,17,43.75
2025-11-04,Home & Garden,Midwest,1966.01,27,165.24,11,60.37
2025-11-04,Home & Garden,West,2417.06,33,191.48,13,0.0
2025-11-04,Sports,Northeast,2117.55,31,201.66,16,10.77
2025-11-04,Sports,Southeast,2297.58,34,88.91,13,0.0
2025-11-04,Sports,Midwest,1628.89,24,173.09,10,0.0
2025-11-04,Sports,West,2285.33,34,185.41,16,0.0
2025-11-05,Electronics,Northeast,6829.24,34,558.2,18,0.0
2025-11-05,Electronics,Southeast,4594.89,22,374.25,7,27.08
2025-11-05,Electronics,Midwest,4149.68,20,158.95,10,0.0
2025-11-05,Electronics,West,5320.13,26,179.75,10,169.05
2025-11-05,Clothing,Northeast,3878.54,77,327.84,46,0.0
2025-11-05,Clothing,Southeast,2987.57,59,101.67,23,0.0
2025-11-05,Clothing,Midwest,2217.9,44,123.99,13,90.4
2025-11-05,Clothing,West,3912.25,78,275.98,34,0.0
2025-11-05,Home & Garden,Northeast,2898.76,40,301.44,17,4.47
2025-11-05,Home & Garden,Southeast,2761.06,38,135.87,14,0.0
2025-11-05,Home & Garden,Midwest,1951.39,27,128.27,14,0.0
2025-11-05,Home & Garden,West,2804.7,39,87.85,13,0.0
2025-11-05,Sports,Northeast,2710.35,40,153.64,21,97.43
2025-11-05,Sports,Southeast,2037.08,30,242.37,9,0.0
2025-11-05,Sports,Midwest,1980.97,29,98.59,17,0.0
2025-11-05,Sports,West,2066.75,31,210.13,13,0.0
2025-11-06,Electronics,Northeast,6661.52,33,291.07,17,0.0
2025-11-06,Electronics,Southeast,4701.26,23,428.17,11,32.73
2025-11-06,Electronics,Midwest,3971.92,19,161.63,6,0.0
2025-11-06,Electronics,West,5018.39,25,370.74,9,0.0
2025-11-06,Clothing,Northeast,3296.64,65,154.07,36,0.0
2025-11-06,Clothing,Southeast,3215.16,64,94.92,37,0.0
2025-11-06,Clothing,Midwest,3152.27,63,375.9,35,136.51
2025-11-06,Clothing,West,2969.57,59,270.65,32,0.0
2025-11-06,Home & Garden,Northeast,3211.48,44,221.42,20,66.51
2025-11-06,Home & Garden,Southeast,2451.99,34,204.4,19,63.21
2025-11-06,Home & Garden,Midwest,2050.4,28,232.99,11,0.0
2025-11-06,Home & Garden,West,2560.02,35,51.83,18,0.0
2025-11-06,Sports,Northeast,2621.69,39,172.62,19,0.0
2025-11-06,Sports,Southeast,1650.66,24,121.23,8,0.0
2025-11-06,Sports,Midwest,1592.53,23,74.62,12,0.0
2025-11-06,Sports,West,2268.58,34,173.81,15,0.0
2025-11-07,Electronics,Northeast,6438.12,32,159.93,10,0.0
2025-11-07,Electronics,Southeast,4919.16,24,159.5,13,0.0
2025-11-07,Electronics,Midwest,3601.22,18,417.03,6,0.0
2025-11-07,Electronics,West,4690.21,23,398.67,7,0.0
2025-11-07,Clothing,Northeast,3274.59,65,279.84,24,0.0
2025-11-07,Clothing,Southeast,3484.56,69,127.37,28,0.0
2025-11-07,Clothing,Midwest,2915.4,58,126.57,28,0.0
2025-11-07,Clothing,West,2641.43,52,178.77,17,89.81
2025-11-07,Home & Garden,Northeast,2411.14,33,215.94,17,0.0
2025-11-07,Home & Garden,Southeast,2422.31,33,80.46,10,0.0
2025-11-07,Home & Garden,Midwest,2457.69,34,74.33,13,0.0
2025-11-07,Home & Garden,West,2350.84,32,228.84,16,116.71
2025-11-07,Sports,Northeast,2057.14,30,150.28,9,0.0
2025-11-07,Sports,Southeast,1952.08,29,180.07,14,40.18
2025-11-07,Sports,Midwest,1934.33,29,205.03,9,72.77
2025-11-07,Sports,West,2278.83,34,133.09,20,0.0
2025-11-08,Electronics,Northeast,6676.27,33,318.44,10,0.0
2025-11-08,Electronics,Southeast,6760.02,33,545.93,17,0.0
2025-11-08,Electronics,Midwest,6664.07,33,572.05,12,0.0
2025-11-08,Electronics,West,7177.23,35,680.29,13,322.23
2025-11-08,Clothing,Northeast,5531.15,110,384.35,36,0.0
2025-11-08,Clothing,Southeast,4046.53,80,294.7,47,0.0
2025-11-08,Clothing,Midwest,4119.23,82,136.75,45,0.0
2025-11-08,Clothing,West,4059.05,81,358.39,42,0.0
2025-11-08,Home & Garden,Northeast,4321.77,60,93.65,19,8.61
2025-11-08,Home & Garden,Southeast,2678.61,37,264.99,16,0.0
2025-11-08,Home & Garden,Midwest,2926.23,40,180.09,20,78.51
2025-11-08,Home & Garden,West,3740.95,52,178.62,20,0.0
2025-11-08,Sports,Northeast,2749.59,41,277.18,18,0.0
2025-11-08,Sports,Southeast,2739.67,41,283.43,20,95.71
2025-11-08,Sports,Midwest,2555.24,38,267.4,12,55.51
2025-11-08,Sports,West,2806.66,42,227.01,16,0.0
2025-11-09,Electronics,Northeast,8550.85,42,273.15,21,0.0
2025-11-09,Electronics,Southeast,5625.96,28,648.68,12,0.0
2025-11-09,Electronics,Midwest,6366.59,31,233.63,10,0.0
2025-11-09,Electronics,West,6488.67,32,704.94,17,261.85
2025-11-09,Clothing,Northeast,4253.15,85,112.23,43,0.0
2025-11-09,Clothing,Southeast,3240.23,64,212.3,26,0.0
2025-11-09,Clothing,Midwest,3603.91,72,204.59,27,103.42
2025-11-09,Clothing,West,4672.29,93,200.16,42,201.59
2025-11-09,Home & Garden,Northeast,3501.5,49,235.22,20,163.02
2025-11-09,Home & Garden,Southeast,3714.73,52,279.67,29,0.0
2025-11-09,Home & Garden,Midwest,2830.66,39,147.7,16,0.0
2025-11-09,Home & Garden,West,3247.9,45,90.25,18,0.0
2025-11-09,Sports,Northeast,3621.62,54,137.38,29,0.0
2025-11-09,Sports,Southeast,3072.24,46,82.62,20,129.78
2025-11-09,Sports,Midwest,2178.35,32,164.05,9,61.41
2025-11-09,Sports,West,2635.67,39,216.84,17,0.0
2025-11-10,Electronics,Northeast,5984.07,29,582.02,10,0.0
2025-11-10,Electronics,Southeast,5520.96,27,245.75,8,0.0
2025-11-10,Electronics,Midwest,4019.4,20,219.63,11,0.0
2025-11-10,Electronics,West,6492.18,32,130.79,15,0.0
2025-11-10,Clothing,Northeast,3927.19,78,119.37,35,96.61
2025-11-10,Clothing,Southeast,2471.87,49,295.87,25,113.86
2025-11-10,Clothing,Midwest,3129.07,62,225.22,31,0.0
2025-11-10,Clothing,West,3926.41,78,111.86,25,160.98
2025-11-10,Home & Garden,Northeast,2489.8,34,191.17,14,0.0
2025-11-10,Home & Garden,Southeast,2236.77,31,103.11,12,0.0
2025-11-10,Home & Garden,Midwest,2430.65,34,227.35,13,9.08
2025-11-10,Home & Garden,West,2422.98,33,237.44,15,19.91
2025-11-10,Sports,Northeast,2367.41,35,143.59,16,0.0
2025-11-10,Sports,Southeast,1766.11,26,89.77,9,13.92
2025-11-10,Sports,Midwest,1933.96,29,198.5,14,80.83
2025-11-10,Sports,West,2048.46,30,59.65,11,0.0
2025-11-11,Electronics,Northeast,6032.3,30,529.14,11,0.0
2025-11-11,Electronics,Southeast,4062.16,20,245.51,8,0.0
2025-11-11,Electronics,Midwest,4049.73,20,268.11,10,2.42
2025-11-11,Electronics,West,6226.82,31,736.36,10,0.0
2025-11-11,Clothing,Northeast,3416.03,68,283.63,33,0.0
2025-11-11,Clothing,Southeast,2710.58,54,274.51,16,122.31
2025-11-11,Clothing,Midwest,2638.91,52,86.77,29,0.0
2025-11-11,Clothing,West,3077.65,61,74.69,26,88.31
2025-11-11,Home & Garden,Northeast,3386.02,47,201.47,14,0.0
2025-11-11,Home & Garden,Southeast,2172.81,30,90.11,10,95.98
2025-11-11,Home & Garden,Midwest,1831.18,25,150.01,9,37.72
2025-11-11,Home & Garden,West,2805.76,39,73.22,14,27.98
2025-11-11,Sports,Northeast,2769.27,41,201.0,20,0.0
2025-11-11,Sports,Southeast,2235.88,33,265.94,17,0.0
2025-11-11,Sports,Midwest,1832.05,27,125.44,15,0.0
2025-11-11,Sports,West,2101.78,31,79.83,12,94.14
2025-11-12,Electronics,Northeast,6668.49,33,172.44,19,0.0
2025-11-12,Electronics,Southeast,5533.68,27,663.82,15,181.74
2025-11-12,Electronics,Midwest,4079.75,20,414.62,11,203.25
2025-11-12,Electronics,West,4882.71,24,510.98,12,0.0
2025-11-12,Clothing,Northeast,4088.48,81,427.34,28,0.0
2025-11-12,Clothing,Southeast,3367.45,67,302.27,38,117.96
2025-11-12,Clothing,Midwest,3183.36,63,243.08,29,157.26
2025-11-12,Clothing,West,3803.75,76,263.31,29,0.0
2025-11-12,Home & Garden,Northeast,2508.31,35,108.52,12,0.0
2025-11-12,Home & Garden,Southeast,2000.68,28,223.66,10,71.72
2025-11-12,Home & Garden,Midwest,2626.9,36,274.32,14,77.05
2025-11-12,Home & Garden,West,3208.95,44,312.67,24,0.0
2025-11-12,Sports,Northeast,2842.14,42,163.02,24,0.0
2025-11-12,Sports,Southeast,1680.83,25,84.34,8,79.73
2025-11-12,Sports,Midwest,2010.13,30,233.31,14,97.36
2025-11-12,Sports,West,2370.33,35,267.57,18,69.8
2025-11-13,Electronics,Northeast,5220.84,26,264.6,13,190.26
2025-11-13,Electronics,Southeast,5897.58,29,677.45,12,0.0
2025-11-13,Electronics,Midwest,5337.33,26,124.03,12,0.0
2025-11-13,Electronics,West,6528.57,32,274.78,15,0.0
2025-11-13,Clothing,Northeast,3082.53,61,291.4,22,0.0
2025-11-13,Clothing,Southeast,2601.46,52,282.34,16,0.0
2025-11-13,Clothing,Midwest,2850.23,57,309.72,24,35.56
2025-11-13,Clothing,West,2729.49,54,124.64,17,52.67
2025-11-13,Home & Garden,Northeast,3279.1,45,383.36,25,0.0
2025-11-13,Home & Garden,Southeast,2378.71,33,177.46,10,0.0
2025-11-13,Home & Garden,Midwest,2577.65,36,219.35,18,9.5
2025-11-13,Home & Garden,West,3130.34,43,154.92,17,0.0
2025-11-13,Sports,Northeast,1991.23,29,73.7,11,0.0
2025-11-13,Sports,Southeast,2037.64,30,223.76,9,0.0
2025-11-13,Sports,Midwest,1881.82,28,128.48,8,0.0
2025-11-13,Sports,West,1905.2,28,207.62,9,19.58
2025-11-14,Electronics,Northeast,5255.96,26,471.56,13,0.0
2025-11-14,Electronics,Southeast,4530.53,22,218.16,8,129.52
2025-11-14,Electronics,Midwest,5111.74,25,180.75,10,0.0
2025-11-14,Electronics,West,5048.01,25,435.15,12,6.5
2025-11-14,Clothing,Northeast,3126.0,62,153.74,20,0.0
2025-11-14,Clothing,Southeast,2770.02,55,165.5,24,0.0
2025-11-14,Clothing,Midwest,2258.43,45,168.06,15,0.0
2025-11-14,Clothing,West,3127.61,62,201.97,23,0.0
2025-11-14,Home & Garden,Northeast,2671.49,37,125.18,11,0.0
2025-11-14,Home & Garden,Southeast,2667.47,37,76.21,14,0.0
2025-11-14,Home & Garden,Midwest,2673.63,37,211.14,17,0.0
2025-11-14,Home & Garden,West,3100.25,43,191.79,19,0.0
2025-11-14,Sports,Northeast,2375.83,35,256.98,15,107.24
2025-11-14,Sports,Southeast,2171.44,32,152.46,18,0.0
2025-11-14,Sports,Midwest,1927.83,28,158.13,9,0.0
2025-11-14,Sports,West,1912.13,28,226.47,16,0.0
2025-11-15,Electronics,Northeast,6633.7,33,413.53,19,0.0
2025-11-15,Electronics,Southeast,7792.9,38,644.65,20,354.89
2025-11-15,Electronics,Midwest,6819.17,34,182.08,14,0.0
2025-11-15,Electronics,West,6652.72,33,316.8,14,0.0
2025-11-15,Clothing,Northeast,5216.42,104,429.34,47,0.0
2025-11-15,Clothing,Southeast,3766.53,75,131.15,35,0.0
2025-11-15,Clothing,Midwest,4127.27,82,464.29,38,59.04
2025-11-15,Clothing,West,4351.15,87,236.65,36,0.0
2025-11-15,Home & Garden,Northeast,3877.51,54,313.68,16,27.89
2025-11-15,Home & Garden,Southeast,3391.25,47,303.06,14,0.0
2025-11-15,Home & Garden,Midwest,2727.85,38,119.37,19,0.0
2025-11-15,Home & Garden,West,4142.75,57,91.24,31,0.0
2025-11-15,Sports,Northeast,2845.87,42,196.83,21,123.64
2025-11-15,Sports,Southeast,2219.76,33,260.65,14,0.0
2025-11-15,Sports,Midwest,2124.18,31,131.01,15,22.45
2025-11-15,Sports,West,3230.62,48,303.98,25,0.0
2025-11-16,Electronics,Northeast,8801.57,44,629.55,15,0.0
2025-11-16,Electronics,Southeast,6517.67,32,218.77,17,0.0
2025-11-16,Electronics,Midwest,4747.74,23,186.47,12,0.0
2025-11-16,Electronics,West,6433.54,32,422.33,18,0.0
2025-11-16,Clothing,Northeast,4256.89,85,435.7,38,0.0
2025-11-16,Clothing,Southeast,3313.24,66,76.39,27,0.0
2025-11-16,Clothing,Midwest,3057.33,61,327.28,29,0.0
2025-11-16,Clothing,West,3712.59,74,406.34,38,0.0
2025-11-16,Home & Garden,Northeast,3564.71,49,209.09,17,0.0
2025-11-16,Home & Garden,Southeast,3854.39,53,407.45,26,0.0
2025-11-16,Home & Garden,Midwest,2654.83,37,161.81,11,0.0
2025-11-16,Home & Garden,West,3957.63,55,82.67,31,0.0
2025-11-16,Sports,Northeast,3246.23,48,67.67,18,0.0
2025-11-16,Sports,Southeast,2397.68,35,279.82,17,0.0
2025-11-16,Sports,Midwest,2224.38,33,122.05,12,0.0
2025-11-16,Sports,West,3062.71,45,313.72,18,78.33
2025-11-17,Electronics,Northeast,6389.65,31,666.62,12,0.0
2025-11-17,Electronics,Southeast,5218.1,26,260.11,8,257.87
2025-11-17,Electronics,Midwest,4753.07,23,504.53,8,0.0
2025-11-17,Electronics,West,6363.22,31,317.39,10,0.0
2025-11-17,Clothing,Northeast,4175.55,83,419.82,44,0.0
2025-11-17,Clothing,Southeast,3192.64,63,281.19,32,0.0
2025-11-17,Clothing,Midwest,3237.27,64,148.73,27,0.0
2025-11-17,Clothing,West,2686.62,53,243.96,24,97.6
2025-11-17,Home & Garden,Northeast,2666.84,37,195.92,19,0.0
2025-11-17,Home & Garden,Southeast,2671.87,37,188.99,20,0.0
2025-11-17,Home & Garden,Midwest,2588.85,36,98.67,11,33.48
2025-11-17,Home & Garden,West,3089.18,43,297.46,15,0.0
2025-11-17,Sports,Northeast,2242.21,33,64.87,13,0.0
2025-11-17,Sports,Southeast,1845.67,27,182.37,10,27.14
2025-11-17,Sports,Midwest,2052.87,30,137.65,16,0.0
2025-11-17,Sports,West,2590.98,38,70.27,21,0.0
2025-11-18,Electronics,Northeast,6881.99,34,400.3,13,293.94
2025-11-18,Electronics,Southeast,4274.73,21,171.12,8,0.0
2025-11-18,Electronics,Midwest,5231.92,26,344.04,10,0.0
2025-11-18,Electronics,West,6113.67,30,420.36,14,193.96
2025-11-18,Clothing,Northeast,2886.79,57,136.7,30,110.35
2025-11-18,Clothing,Southeast,2987.49,59,287.87,19,0.0
2025-11-18,Clothing,Midwest,2844.17,56,171.62,33,0.0
2025-11-18,Clothing,West,2689.8,53,107.43,21,43.33
2025-11-18,Home & Garden,Northeast,3399.87,47,132.79,23,0.0
2025-11-18,Home & Garden,Southeast,2248.82,31,200.94,12,43.13
2025-11-18,Home & Garden,Midwest,2329.8,32,85.51,17,33.88
2025-11-18,Home & Garden,West,3000.62,42,238.96,16,0.0
2025-11-18,Sports,Northeast,2875.65,43,156.07,24,0.0
2025-11-18,Sports,Southeast,1750.74,26,201.0,14,0.0
2025-11-18,Sports,Midwest,1604.46,24,148.76,8,0.0
2025-11-18,Sports,West,2278.93,34,84.09,13,0.0
2025-11-19,Electronics,Northeast,4889.67,24,526.39,9,0.0
2025-11-19,Electronics,Southeast,4097.17,20,489.48,9,0.0
2025-11-19,Electronics,Midwest,3635.54,18,323.47,7,0.0
2025-11-19,Electronics,West,5604.02,28,377.93,9,0.0
2025-11-19,Clothing,Northeast,3787.65,75,189.81,37,0.0
2025-11-19,Clothing,Southeast,2723.97,54,219.45,18,0.0
2025-11-19,Clothing,Midwest,2273.31,45,208.86,15,12.08
2025-11-19,Clothing,West,2902.21,58,116.02,21,0.0
2025-11-19,Home & Garden,Northeast,2642.01,36,238.69,13,65.57
2025-11-19,Home & Garden,Southeast,2207.69,30,250.16,11,74.14
2025-11-19,Home & Garden,Midwest,2616.19,36,270.84,18,11.78
2025-11-19,Home & Garden,West,2762.88,38,255.17,12,31.93
2025-11-19,Sports,Northeast,2869.12,43,142.31,18,25.06
2025-11-19,Sports,Southeast,1631.56,24,80.04,12,0.0
2025-11-19,Sports,Midwest,1971.75,29,58.17,15,84.0
2025-11-19,Sports,West,2343.75,35,86.84,14,0.0
2025-11-20,Electronics,Northeast,6292.34,31,678.61,10,0.0
2025-11-20,Electronics,Southeast,4365.74,21,262.28,12,84.2
2025-11-20,Electronics,Midwest,5131.21,25,513.07,12,0.0
2025-11-20,Electronics,West,4648.72,23,416.6,7,0.0
2025-11-20,Clothing,Northeast,3109.53,62,191.56,29,0.0
2025-11-20,Clothing,Southeast,3214.07,64,122.54,26,0.0
2025-11-20,Clothing,Midwest,2191.12,43,193.8,23,0.0
2025-11-20,Clothing,West,2812.47,56,315.11,18,0.0
2025-11-20,Home & Garden,Northeast,2455.17,34,113.33,13,0.0
2025-11-20,Home & Garden,Southeast,2677.93,37,259.1,17,0.0
2025-11-20,Home & Garden,Midwest,2680.11,37,233.13,14,0.0
2025-11-20,Home & Garden,West,2970.64,41,87.71,20,51.35
2025-11-20,Sports,Northeast,2569.24,38,150.27,20,0.0
2025-11-20,Sports,Southeast,2390.23,35,60.85,17,101.45
2025-11-20,Sports,Midwest,2053.35,30,219.59,9,0.0
2025-11-20,Sports,West,1971.98,29,230.75,9,63.43
2025-11-21,Electronics,Northeast,5767.86,28,250.9,12,0.0
2025-11-21,Electronics,Southeast,4896.2,24,517.33,10,121.76
2025-11-21,Electronics,Midwest,4776.07,23,144.54,9,0.0
2025-11-21,Electronics,West,4400.37,22,128.0,10,0.0
2025-11-21,Clothing,Northeast,3318.62,66,235.07,23,0.0
2025-11-21,Clothing,Southeast,3540.43,70,199.45,22,80.45
2025-11-21,Clothing,Midwest,2764.96,55,226.66,24,0.0
2025-11-21,Clothing,West,3585.01,71,112.58,37,61.19
2025-11-21,Home & Garden,Northeast,3395.86,47,395.43,18,0.0
2025-11-21,Home & Garden,Southeast,2702.1,37,66.41,12,96.85
2025-11-21,Home & Garden,Midwest,2449.4,34,75.19,16,113.92
2025-11-21,Home & Garden,West,2632.19,36,172.95,19,0.0
2025-11-21,Sports,Northeast,2023.46,30,124.34,17,0.0
2025-11-21,Sports,Southeast,2071.05,31,201.34,13,0.0
2025-11-21,Sports,Midwest,2128.46,31,71.23,13,0.0
2025-11-21,Sports,West,1802.74,27,204.67,14,0.0
2025-11-22,Electronics,Northeast,7826.0,39,877.42,13,0.0
2025-11-22,Electronics,Southeast,7099.29,35,233.13,14,0.0
2025-11-22,Electronics,Midwest,6745.51,33,474.96,13,0.0
2025-11-22,Electronics,West,8339.5,41,802.57,15,0.0
2025-11-22,Clothing,Northeast,5560.76,111,363.03,37,0.0
2025-11-22,Clothing,Southeast,4212.02,84,399.48,32,0.0
2025-11-22,Clothing,Midwest,4016.43,80,366.25,46,0.0
2025-11-22,Clothing,West,3776.73,75,311.27,29,0.0
2025-11-22,Home & Garden,Northeast,4168.9,58,492.49,28,0.0
2025-11-22,Home & Garden,Southeast,3255.06,45,291.1,17,57.33
2025-11-22,Home & Garden,Midwest,2902.03,40,223.64,20,0.0
2025-11-22,Home & Garden,West,3929.45,55,409.21,21,0.0
2025-11-22,Sports,Northeast,3504.76,52,253.3,15,117.45
2025-11-22,Sports,Southeast,2287.9,34,217.39,11,28.66
2025-11-22,Sports,Midwest,2657.66,39,236.69,15,0.0
2025-11-22,Sports,West,2324.96,34,235.76,11,0.0
2025-11-23,Electronics,Northeast,8547.22,42,910.14,21,0.0
2025-11-23,Electronics,Southeast,5817.75,29,572.65,15,193.29
2025-11-23,Electronics,Midwest,6847.97,34,402.36,19,0.0
2025-11-23,Electronics,West,6614.19,33,497.47,10,205.23
2025-11-23,Clothing,Northeast,5205.89,104,557.09,57,0.0
2025-11-23,Clothing,Southeast,4219.22,84,357.63,44,0.0
2025-11-23,Clothing,Midwest,3655.16,73,356.8,43,32.43
2025-11-23,Clothing,West,4603.44,92,178.14,32,0.0
2025-11-23,Home & Garden,Northeast,3708.43,51,233.08,23,108.28
2025-11-23,Home & Garden,Southeast,2931.52,41,155.54,21,22.53
2025-11-23,Home & Garden,Midwest,2717.48,38,68.17,22,0.0
2025-11-23,Home & Garden,West,3806.5,53,262.86,25,0.0
2025-11-23,Sports,Northeast,3474.47,52,179.93,19,11.84
2025-11-23,Sports,Southeast,2605.35,39,160.47,17,28.81
2025-11-23,Sports,Midwest,2071.7,31,110.19,12,77.96
2025-11-23,Sports,West,2894.89,43,346.41,23,0.0
2025-11-24,Electronics,Northeast,4821.13,24,418.93,10,0.0
2025-11-24,Electronics,Southeast,5227.4,26,429.24,15,0.0
2025-11-24,Electronics,Midwest,4177.69,20,466.2,11,0.0
2025-11-24,Electronics,West,5588.52,27,269.83,15,0.0
2025-11-24,Clothing,Northeast,3419.94,68,342.96,29,153.6
2025-11-24,Clothing,Southeast,2631.01,52,187.83,30,125.8
2025-11-24,Clothing,Midwest,2741.01,54,56.83,17,0.0
2025-11-24,Clothing,West,3661.13,73,389.89,31,98.44
2025-11-24,Home & Garden,Northeast,3243.29,45,381.48,23,0.0
2025-11-24,Home & Garden,Southeast,2939.75,41,278.36,14,0.0
2025-11-24,Home & Garden,Midwest,2098.54,29,60.34,9,0.0
2025-11-24,Home & Garden,West,2813.89,39,218.07,14,54.59
2025-11-24,Sports,Northeast,2525.01,37,159.84,11,0.0
2025-11-24,Sports,Southeast,2027.87,30,170.63,14,0.0
2025-11-24,Sports,Midwest,1861.64,27,167.71,8,0.0
2025-11-24,Sports,West,1853.4,27,182.91,10,70.92
2025-11-25,Electronics,Northeast,5850.42,29,348.17,14,0.0
2025-11-25,Electronics,Southeast,5066.94,25,170.44,10,0.0
2025-11-25,Electronics,Midwest,4582.3,22,531.61,7,0.0
2025-11-25,Electronics,West,6411.17,32,637.92,16,0.0
2025-11-25,Clothing,Northeast,4247.23,84,320.04,39,1.07
2025-11-25,Clothing,Southeast,3115.99,62,229.7,36,0.0
2025-11-25,Clothing,Midwest,2968.16,59,327.55,23,0.0
2025-11-25,Clothing,West,3492.63,69,248.87,24,145.77
2025-11-25,Home & Garden,Northeast,2633.19,36,100.42,19,0.0
2025-11-25,Home & Garden,Southeast,2851.39,39,322.88,23,0.0
2025-11-25,Home & Garden,Midwest,2294.7,32,112.59,10,83.25
2025-11-25,Home & Garden,West,2735.91,38,145.24,12,0.0
2025-11-25,Sports,Northeast,2016.04,30,165.22,17,0.0
2025-11-25,Sports,Southeast,1960.52,29,160.05,11,0.0
2025-11-25,Sports,Midwest,1847.2,27,104.27,10,0.0
2025-11-25,Sports,West,1764.25,26,78.72,9,0.0
2025-11-26,Electronics,Northeast,5846.7,29,608.12,9,0.0
2025-11-26,Electronics,Southeast,5755.77,28,381.52,11,0.0
2025-11-26,Electronics,Midwest,4593.01,22,172.59,10,0.0
2025-11-26,Electronics,West,6289.17,31,213.83,14,278.72
2025-11-26,Clothing,Northeast,2990.11,59,82.35,18,0.0
2025-11-26,Clothing,Southeast,2437.43,48,190.58,20,0.0
2025-11-26,Clothing,Midwest,3138.81,62,235.91,28,0.0
2025-11-26,Clothing,West,3263.18,65,318.22,26,125.98
2025-11-26,Home & Garden,Northeast,3279.87,45,161.04,19,0.0
2025-11-26,Home & Garden,Southeast,2396.79,33,168.29,16,0.0
2025-11-26,Home & Garden,Midwest,2525.89,35,205.62,12,0.0
2025-11-26,Home & Garden,West,2690.84,37,102.02,21,0.0
2025-11-26,Sports,Northeast,2849.03,42,266.65,18,0.0
2025-11-26,Sports,Southeast,1775.06,26,122.06,8,0.0
2025-11-26,Sports,Midwest,1470.82,22,59.83,12,0.0
2025-11-26,Sports,West,2173.31,32,142.27,10,0.0
2025-11-27,Electronics,Northeast,5577.77,27,504.08,12,0.0
2025-11-27,Electronics,Southeast,5669.74,28,262.69,12,185.31
2025-11-27,Electronics,Midwest,4257.53,21,363.31,11,0.0
2025-11-27,Electronics,West,5227.92,26,578.86,11,0.0
2025-11-27,Clothing,Northeast,4129.52,82,283.64,36,0.0
2025-11-27,Clothing,Southeast,3002.2,60,101.77,20,96.59
2025-11-27,Clothing,Midwest,2388.44,47,92.41,19,0.0
2025-11-27,Clothing,West,2796.2,55,120.33,29,0.0
2025-11-27,Home & Garden,Northeast,2977.82,41,202.14,14,124.08
2025-11-27,Home & Garden,Southeast,2022.45,28,49.17,13,63.66
2025-11-27,Home & Garden,Midwest,1835.27,25,141.73,7,16.52
2025-11-27,Home & Garden,West,3254.06,45,260.12,21,117.07
2025-11-27,Sports,Northeast,2555.28,38,123.54,12,0.0
2025-11-27,Sports,Southeast,2394.22,35,255.54,12,0.0
2025-11-27,Sports,Midwest,1872.6,28,186.25,15,61.76
2025-11-27,Sports,West,1992.78,29,184.17,11,0.0
2025-11-28,Electronics,Northeast,6217.43,31,267.23,12,62.9
2025-11-28,Electronics,Southeast,5719.18,28,402.84,11,27.54
2025-11-28,Electronics,Midwest,4456.56,22,363.1,6,0.0
2025-11-28,Electronics,West,5507.32,27,174.87,12,166.18
2025-11-28,Clothing,Northeast,4071.63,81,446.65,43,0.0
2025-11-28,Clothing,Southeast,3026.45,60,172.62,18,0.0
2025-11-28,Clothing,Midwest,2407.85,48,241.34,25,0.0
2025-11-28,Clothing,West,3417.54,68,321.73,35,0.0
2025-11-28,Home & Garden,Northeast,2517.26,35,84.05,15,108.12
2025-11-28,Home & Garden,Southeast,2283.27,31,245.85,13,80.96
2025-11-28,Home & Garden,Midwest,2510.48,35,195.31,11,82.16
2025-11-28,Home & Garden,West,2956.54,41,152.53,16,96.32
2025-11-28,Sports,Northeast,2163.49,32,228.24,13,0.0
2025-11-28,Sports,Southeast,1820.45,27,160.31,14,0.0
2025-11-28,Sports,Midwest,2004.33,30,136.79,12,0.0
2025-11-28,Sports,West,1983.32,29,100.49,11,0.0
2025-11-29,Electronics,Northeast,8535.64,42,900.51,20,0.0
2025-11-29,Electronics,Southeast,6361.15,31,572.07,10,127.4
2025-11-29,Electronics,Midwest,5471.94,27,410.71,13,0.0
2025-11-29,Electronics,West,6179.71,30,719.67,9,44.9
2025-11-29,Clothing,Northeast,5477.21,109,348.01,34,21.92
2025-11-29,Clothing,Southeast,3178.9,63,185.75,37,0.0
2025-11-29,Clothing,Midwest,3539.49,70,322.66,33,0.0
2025-11-29,Clothing,West,4839.51,96,406.66,41,158.95
2025-11-29,Home & Garden,Northeast,4374.1,61,212.58,18,0.0
2025-11-29,Home & Garden,Southeast,3270.56,45,141.18,15,39.13
2025-11-29,Home & Garden,Midwest,2340.34,32,83.65,19,0.0
2025-11-29,Home & Garden,West,3364.97,47,200.26,22,0.0
2025-11-29,Sports,Northeast,3415.68,51,91.75,16,141.71
2025-11-29,Sports,Southeast,3031.61,45,166.16,26,91.91
2025-11-29,Sports,Midwest,2054.08,30,232.05,14,41.81
2025-11-29,Sports,West,2409.8,36,65.64,13,0.0
2025-11-30,Electronics,Northeast,8745.18,43,1011.56,24,0.0
2025-11-30,Electronics,Southeast,6694.72,33,598.64,19,0.0
2025-11-30,Electronics,Midwest,6481.72,32,620.61,18,0.0
2025-11-30,Electronics,West,7037.66,35,553.74,10,23.77
2025-11-30,Clothing,Northeast,4930.21,98,588.76,49,77.83
2025-11-30,Clothing,Southeast,4610.5,92,330.34,27,0.0
2025-11-30,Clothing,Midwest,3156.55,63,92.49,31,0.0
2025-11-30,Clothing,West,3562.47,71,403.06,31,0.0
2025-11-30,Home & Garden,Northeast,4515.13,63,211.79,36,0.0
2025-11-30,Home & Garden,Southeast,3782.91,52,264.43,18,0.0
2025-11-30,Home & Garden,Midwest,3361.11,47,136.72,16,103.96
2025-11-30,Home & Garden,West,3083.07,43,94.55,24,0.0
2025-11-30,Sports,Northeast,3323.95,49,270.51,25,0.0
2025-11-30,Sports,Southeast,2123.95,31,144.92,15,0.0
2025-11-30,Sports,Midwest,2794.3,41,306.53,22,0.0
2025-11-30,Sports,West,3414.15,51,381.02,19,98.44
2025-12-01,Electronics,Northeast,4929.96,24,492.64,10,0.0
2025-12-01,Electronics,Southeast,5004.95,25,297.15,12,244.37
2025-12-01,Electronics,Midwest,4856.84,24,320.59,12,51.18
2025-12-01,Electronics,West,5678.22,28,298.35,13,155.74
2025-12-01,Clothing,Northeast,3221.48,64,216.27,30,0.0
2025-12-01,Clothing,Southeast,2998.52,59,123.1,30,0.0
2025-12-01,Clothing,Midwest,3082.67,61,147.85,21,88.76
2025-12-01,Clothing,West,2941.71,58,88.21,22,63.57
2025-12-01,Home & Garden,Northeast,2857.06,39,98.81,22,115.09
2025-12-01,Home & Garden,Southeast,2176.61,30,152.28,17,0.0
2025-12-01,Home & Garden,Midwest,2265.31,31,208.54,16,0.0
2025-12-01,Home & Garden,West,2818.35,39,216.4,16,0.0
2025-12-01,Sports,Northeast,1977.63,29,200.5,12,0.0
2025-12-01,Sports,Southeast,1959.88,29,104.79,11,0.0
2025-12-01,Sports,Midwest,2110.93,31,96.62,9,91.55
2025-12-01,Sports,West,2607.54,39,104.03,18,0.0
2025-12-02,Electronics,Northeast,5218.89,26,511.61,10,0.0
2025-12-02,Electronics,Southeast,4974.99,24,465.92,13,0.0
2025-12-02,Electronics,Midwest,4115.74,20,342.31,6,166.22
2025-12-02,Electronics,West,5142.25,25,427.46,11,0.0
2025-12-02,Clothing,Northeast,2982.74,59,107.98,21,0.0
2025-12-02,Clothing,Southeast,2749.63,54,128.54,26,61.17
2025-12-02,Clothing,Midwest,3091.83,61,174.12,29,0.0
2025-12-02,Clothing,West,3186.47,63,122.32,19,0.0
2025-12-02,Home & Garden,Northeast,3194.43,44,364.3,22,26.66
2025-12-02,Home & Garden,Southeast,2103.01,29,55.48,16,0.0
2025-12-02,Home & Garden,Midwest,1823.73,25,108.88,13,23.93
2025-12-02,Home & Garden,West,2370.8,33,202.66,18,0.0
2025-12-02,Sports,Northeast,2157.5,32,104.46,15,90.46
2025-12-02,Sports,Southeast,1622.86,24,140.14,13,0.0
2025-12-02,Sports,Midwest,1782.83,26,209.48,12,39.65
2025-12-02,Sports,West,2613.2,39,234.57,13,0.0
2025-12-03,Electronics,Northeast,6314.51,31,527.8,14,0.0
2025-12-03,Electronics,Southeast,5279.06,26,269.05,10,0.0
2025-12-03,Electronics,Midwest,5048.47,25,324.04,10,76.63
2025-12-03,Electronics,West,4400.2,22,446.79,12,0.0
2025-12-03,Clothing,Northeast,3555.65,71,74.07,40,0.0
2025-12-03,Clothing,Southeast,2972.48,59,62.16,25,34.36
2025-12-03,Clothing,Midwest,2167.8,43,124.35,18,0.0
2025-12-03,Clothing,West,3161.07,63,114.83,32,0.0
2025-12-03,Home & Garden,Northeast,2854.03,39,132.14,16,109.1
2025-12-03,Home & Garden,Southeast,2909.95,40,293.2,20,108.09
2025-12-03,Home & Garden,Midwest,2527.93,35,154.94,19,36.6
2025-12-03,Home & Garden,West,2900.58,40,237.19,15,0.0
2025-12-03,Sports,Northeast,2100.28,31,46.08,9,0.0
2025-12-03,Sports,Southeast,1748.75,26,52.86,9,0.0
2025-12-03,Sports,Midwest,1963.52,29,84.98,10,0.0
2025-12-03,Sports,West,2060.88,30,105.43,16,0.0
2025-12-04,Electronics,Northeast,5912.84,29,586.21,11,0.0
2025-12-04,Electronics,Southeast,5903.29,29,151.15,15,138.77
2025-12-04,Electronics,Midwest,3945.95,19,410.99,10,0.0
2025-12-04,Electronics,West,4668.32,23,451.96,8,0.0
2025-12-04,Clothing,Northeast,3517.86,70,329.84,21,0.0
2025-12-04,Clothing,Southeast,3325.2,66,239.79,39,0.0
2025-12-04,Clothing,Midwest,2895.96,57,148.3,22,0.0
2025-12-04,Clothing,West,2695.69,53,306.61,24,86.06
2025-12-04,Home & Garden,Northeast,2638.47,36,286.94,20,14.9
2025-12-04,Home & Garden,Southeast,2632.91,36,138.1,12,15.75
2025-12-04,Home & Garden,Midwest,2510.23,35,52.45,10,0.0
2025-12-04,Home & Garden,West,2722.8,38,216.79,15,21.47
2025-12-04,Sports,Northeast,2007.75,30,164.36,17,0.0
2025-12-04,Sports,Southeast,2100.11,31,54.56,15,0.0
2025-12-04,Sports,Midwest,2009.86,30,65.49,11,0.0
2025-12-04,Sports,West,2453.93,36,234.77,19,0.0
2025-12-05,Electronics,Northeast,5263.12,26,468.02,10,236.49
2025-12-05,Electronics,Southeast,4970.6,24,316.88,9,0.0
2025-12-05,Electronics,Midwest,3941.6,19,152.39,7,0.0
2025-12-05,Electronics,West,5005.71,25,516.26,14,0.0
2025-12-05,Clothing,Northeast,2979.18,59,105.77,22,54.68
2025-12-05,Clothing,Southeast,2400.86,48,201.2,19,2.25
2025-12-05,Clothing,Midwest,3085.38,61,301.14,22,0.0
2025-12-05,Clothing,West,3508.94,70,259.3,29,0.0
2025-12-05,Home & Garden,Northeast,2997.06,41,225.22,19,0.0
2025-12-05,Home & Garden,Southeast,2640.9,36,81.99,16,110.28
2025-12-05,Home & Garden,Midwest,1916.8,26,205.77,9,0.0
2025-12-05,Home & Garden,West,2308.63,32,178.0,17,0.0
2025-12-05,Sports,Northeast,2424.79,36,218.55,13,0.0
2025-12-05,Sports,Southeast,2084.76,31,56.47,17,51.22
2025-12-05,Sports,Midwest,2080.63,31,58.25,16,58.05
2025-12-05,Sports,West,2585.65,38,159.26,15,0.0
2025-12-06,Electronics,Northeast,8809.77,44,410.37,13,133.87
2025-12-06,Electronics,Southeast,7655.97,38,888.54,12,0.0
2025-12-06,Electronics,Midwest,5924.09,29,230.72,13,185.22
2025-12-06,Electronics,West,6231.65,31,591.5,13,198.98
2025-12-06,Clothing,Northeast,4414.11,88,290.77,43,0.0
2025-12-06,Clothing,Southeast,3380.22,67,128.58,28,0.0
2025-12-06,Clothing,Midwest,3030.08,60,363.13,25,0.0
2025-12-06,Clothing,West,3972.81,79,473.35,31,0.0
2025-12-06,Home & Garden,Northeast,4312.13,60,271.92,31,0.0
2025-12-06,Home & Garden,Southeast,3332.09,46,137.92,24,0.0
2025-12-06,Home & Garden,Midwest,2637.28,36,306.36,15,0.0
2025-12-06,Home & Garden,West,3898.63,54,461.19,25,0.0
2025-12-06,Sports,Northeast,3735.78,56,187.48,21,159.84
2025-12-06,Sports,Southeast,2102.57,31,214.87,15,58.21
2025-12-06,Sports,Midwest,2392.72,35,269.4,12,42.55
2025-12-06,Sports,West,2446.34,36,138.73,17,99.21
2025-12-07,Electronics,Northeast,6526.74,32,391.47,18,0.0
2025-12-07,Electronics,Southeast,7081.31,35,703.11,12,0.0
2025-12-07,Electronics,Midwest,6293.65,31,488.53,17,0.0
2025-12-07,Electronics,West,6579.12,32,612.38,15,18.4
2025-12-07,Clothing,Northeast,5187.13,103,284.22,56,0.0
2025-12-07,Clothing,Southeast,4473.82,89,478.6,32,0.0
2025-12-07,Clothing,Midwest,3653.63,73,77.25,38,0.0
2025-12-07,Clothing,West,3955.01,79,95.39,36,99.35
2025-12-07,Home & Garden,Northeast,3464.44,48,86.79,24,0.0
2025-12-07,Home & Garden,Southeast,3179.3,44,252.8,19,46.07
2025-12-07,Home & Garden,Midwest,2801.36,39,93.06,12,0.0
2025-12-07,Home & Garden,West,2930.51,41,175.59,13,0.0
2025-12-07,Sports,Northeast,3461.73,51,114.37,17,0.0
2025-12-07,Sports,Southeast,2587.38,38,220.51,13,0.0
2025-12-07,Sports,Midwest,2560.59,38,114.27,12,0.0
2025-12-07,Sports,West,2657.98,39,298.79,12,0.0
2025-12-08,Electronics,Northeast,5816.5,29,318.92,11,0.0
2025-12-08,Electronics,Southeast,4048.41,20,204.37,11,0.0
2025-12-08,Electronics,Midwest,5382.29,26,345.66,8,220.18
2025-12-08,Electronics,West,4839.31,24,277.69,12,0.0
2025-12-08,Clothing,Northeast,3041.82,60,77.43,35,0.0
2025-12-08,Clothing,Southeast,3442.5,68,351.18,20,0.0
2025-12-08,Clothing,Midwest,2280.18,45,148.23,13,61.34
2025-12-08,Clothing,West,2909.02,58,210.4,21,0.0
2025-12-08,Home & Garden,Northeast,3275.91,45,111.82,22,95.49
2025-12-08,Home & Garden,Southeast,2663.53,37,64.85,12,105.1
2025-12-08,Home & Garden,Midwest,2356.17,32,59.63,15,45.79
2025-12-08,Home & Garden,West,2498.44,34,262.86,16,0.0
2025-12-08,Sports,Northeast,1938.32,29,206.9,14,36.9
2025-12-08,Sports,Southeast,2381.29,35,71.34,13,0.0
2025-12-08,Sports,Midwest,1822.72,27,70.43,12,0.0
2025-12-08,Sports,West,2575.19,38,57.04,14,0.0
2025-12-09,Electronics,Northeast,5600.57,28,332.34,9,0.0
2025-12-09,Electronics,Southeast,4703.83,23,388.17,8,0.0
2025-12-09,Electronics,Midwest,4502.25,22,455.58,10,0.0
2025-12-09,Electronics,West,6358.88,31,645.34,9,0.0
2025-12-09,Clothing,Northeast,3283.48,65,115.48,36,0.0
2025-12-09,Clothing,Southeast,2505.35,50,145.86,29,0.0
2025-12-09,Clothing,Midwest,2835.57,56,121.2,20,137.6
2025-12-09,Clothing,West,3840.85,76,203.29,35,26.61
2025-12-09,Home & Garden,Northeast,3049.62,42,304.99,23,0.0
2025-12-09,Home & Garden,Southeast,2705.14,37,195.8,12,0.0
2025-12-09,Home & Garden,Midwest,2678.2,37,92.44,21,0.0
2025-12-09,Home & Garden,West,2549.25,35,193.06,20,40.48
2025-12-09,Sports,Northeast,2764.45,41,256.29,21,0.0
2025-12-09,Sports,Southeast,1931.23,28,118.05,12,0.0
2025-12-09,Sports,Midwest,2083.77,31,236.14,11,0.0
2025-12-09,Sports,West,1853.96,27,71.33,14,0.0
2025-12-10,Electronics,Northeast,5440.47,27,417.31,9,186.98
2025-12-10,Electronics,Southeast,4718.52,23,419.07,10,0.0
2025-12-10,Electronics,Midwest,4688.48,23,427.6,9,0.0
2025-12-10,Electronics,West,5481.18,27,185.0,9,209.53
2025-12-10,Clothing,Northeast,2901.62,58,136.34,24,0.0
2025-12-10,Clothing,Southeast,3585.89,71,343.45,22,0.0
2025-12-10,Clothing,Midwest,3224.48,64,344.09,28,0.0
2025-12-10,Clothing,West,3243.96,64,144.93,26,119.27
2025-12-10,Home & Garden,Northeast,2856.45,39,146.51,18,0.0
2025-12-10,Home & Garden,Southeast,2593.81,36,188.11,20,0.0
2025-12-10,Home & Garden,Midwest,2268.58,31,147.82,16,112.96
2025-12-10,Home & Garden,West,2770.57,38,165.02,19,0.0
2025-12-10,Sports,Northeast,2415.48,36,200.64,11,48.07
2025-12-10,Sports,Southeast,1843.64,27,189.46,11,0.0
2025-12-10,Sports,Midwest,1881.46,28,47.89,12,78.07
2025-12-10,Sports,West,2157.49,32,199.06,10,0.0
2025-12-11,Electronics,Northeast,7050.82,35,631.83,11,0.0
2025-12-11,Electronics,Southeast,4901.77,24,185.72,11,0.0
2025-12-11,Electronics,Midwest,3963.48,19,259.48,7,0.0
2025-12-11,Electronics,West,6395.76,31,637.33,15,36.51
2025-12-11,Clothing,Northeast,3527.13,70,198.56,32,0.0
2025-12-11,Clothing,Southeast,3349.28,66,238.36,38,0.0
2025-12-11,Clothing,Midwest,2571.06,51,248.95,29,0.0
2025-12-11,Clothing,West,3510.58,70,122.9,39,124.98
2025-12-11,Home & Garden,Northeast,2903.5,40,147.94,21,0.0
2025-12-11,Home & Garden,Southeast,2626.45,36,83.4,12,81.76
2025-12-11,Home & Garden,Midwest,2027.8,28,133.56,15,0.0
2025-12-11,Home & Garden,West,2206.33,30,238.88,11,0.0
2025-12-11,Sports,Northeast,2376.68,35,145.01,11,0.0
2025-12-11,Sports,Southeast,1795.77,26,134.21,12,0.0
2025-12-11,Sports,Midwest,2034.18,30,50.63,10,0.0
2025-12-11,Sports,West,1792.31,26,188.88,13,0.0
2025-12-12,Electronics,Northeast,5516.26,27,618.03,8,0.0
2025-12-12,Electronics,Southeast,4356.5,21,379.93,10,0.0
2025-12-12,Electronics,Midwest,4670.94,23,461.17,8,0.0
2025-12-12,Electronics,West,5673.73,28,641.97,9,104.56
2025-12-12,Clothing,Northeast,3425.67,68,91.69,29,0.0
2025-12-12,Clothing,Southeast,2751.4,55,92.05,27,72.51
2025-12-12,Clothing,Midwest,2726.62,54,244.26,26,99.48
2025-12-12,Clothing,West,3470.25,69,411.98,30,0.0
2025-12-12,Home & Garden,Northeast,3520.67,49,417.65,18,0.0
2025-12-12,Home & Garden,Southeast,2316.49,32,168.04,19,0.0
2025-12-12,Home & Garden,Midwest,1916.74,26,146.18,11,0.0
2025-12-12,Home & Garden,West,2741.75,38,104.16,18,0.0
2025-12-12,Sports,Northeast,2860.09,42,57.65,12,0.0
2025-12-12,Sports,Southeast,1694.34,25,177.58,13,0.0
2025-12-12,Sports,Midwest,1738.11,26,92.78,12,0.0
2025-12-12,Sports,West,1769.94,26,71.01,9,0.0
2025-12-13,Electronics,Northeast,7200.25,36,508.83,14,246.91
2025-12-13,Electronics,Southeast,6087.54,30,562.73,14,53.46
2025-12-13,Electronics,Midwest,5453.4,27,293.36,13,0.0
2025-12-13,Electronics,West,8000.15,40,676.53,17,0.0
2025-12-13,Clothing,Northeast,5413.93,108,398.99,43,0.0
2025-12-13,Clothing,Southeast,3765.77,75,354.96,41,136.5
2025-12-13,Clothing,Midwest,3250.97,65,239.23,23,0.0
2025-12-13,Clothing,West,4804.0,96,522.69,38,0.0
2025-12-13,Home & Garden,Northeast,3557.52,49,82.24,29,0.0
2025-12-13,Home & Garden,Southeast,3695.13,51,284.89,21,0.0
2025-12-13,Home & Garden,Midwest,3351.57,46,318.92,23,0.0
2025-12-13,Home & Garden,West,2905.23,40,178.34,17,65.64
2025-12-13,Sports,Northeast,3682.51,55,153.24,21,144.53
2025-12-13,Sports,Southeast,2888.9,43,321.64,18,69.72
2025-12-13,Sports,Midwest,2340.05,35,91.31,20,0.0
2025-12-13,Sports,West,2887.03,43,281.64,14,0.0
2025-12-14,Electronics,Northeast,8805.07,44,1002.04,22,318.99
2025-12-14,Electronics,Southeast,6394.36,31,584.24,14,298.09
2025-12-14,Electronics,Midwest,6287.7,31,499.42,10,0.0
2025-12-14,Electronics,West,5851.96,29,421.68,14,0.0
2025-12-14,Clothing,Northeast,4825.19,96,247.12,54,0.0
2025-12-14,Clothing,Southeast,3420.37,68,163.03,26,0.0
2025-12-14,Clothing,Midwest,2973.18,59,103.86,22,92.61
2025-12-14,Clothing,West,4314.13,86,175.4,34,0.0
2025-12-14,Home & Garden,Northeast,3340.83,46,302.13,17,11.9
2025-12-14,Home & Garden,Southeast,3397.24,47,183.02,20,79.96
2025-12-14,Home & Garden,Midwest,3130.33,43,95.77,13,0.0
2025-12-14,Home & Garden,West,3115.95,43,248.07,20,0.0
2025-12-14,Sports,Northeast,3368.81,50,275.0,19,0.0
2025-12-14,Sports,Southeast,2821.41,42,245.71,19,0.0
2025-12-14,Sports,Midwest,2579.38,38,171.71,12,0.0
2025-12-14,Sports,West,3340.12,50,223.21,21,0.0
2025-12-15,Electronics,Northeast,6504.52,32,432.81,11,280.05
2025-12-15,Electronics,Southeast,5233.88,26,582.46,10,0.0
2025-12-15,Electronics,Midwest,4797.33,23,474.35,12,0.0
2025-12-15,Electronics,West,4466.58,22,301.64,8,0.0
2025-12-15,Clothing,Northeast,3125.95,62,302.57,29,16.09
2025-12-15,Clothing,Southeast,3381.06,67,337.01,26,0.0
2025-12-15,Clothing,Midwest,3015.83,60,220.98,25,0.0
2025-12-15,Clothing,West,3459.55,69,258.76,40,0.0
2025-12-15,Home & Garden,Northeast,2808.86,39,284.79,18,0.0
2025-12-15,Home & Garden,Southeast,2435.35,34,240.45,15,80.68
2025-12-15,Home & Garden,Midwest,1870.1,26,211.48,12,0.0
2025-12-15,Home & Garden,West,2851.38,39,189.02,18,0.0
2025-12-15,Sports,Northeast,2089.13,31,241.48,9,85.03
2025-12-15,Sports,Southeast,2217.07,33,128.35,14,0.0
2025-12-15,Sports,Midwest,1505.18,22,153.08,12,0.0
2025-12-15,Sports,West,2319.8,34,46.44,11,61.62
2025-12-16,Electronics,Northeast,5735.96,28,446.22,10,0.0
2025-12-16,Electronics,Southeast,4633.2,23,356.88,13,0.0
2025-12-16,Electronics,Midwest,5298.0,26,336.28,15,0.0
2025-12-16,Electronics,West,4596.43,22,95.66,13,0.0
2025-12-16,Clothing,Northeast,3063.68,61,151.4,25,0.0
2025-12-16,Clothing,Southeast,2463.75,49,222.56,26,0.0
2025-12-16,Clothing,Midwest,3090.15,61,329.31,22,0.0
2025-12-16,Clothing,West,3160.43,63,163.75,26,0.0
2025-12-16,Home & Garden,Northeast,3054.14,42,263.42,18,58.73
2025-12-16,Home & Garden,Southeast,2924.48,40,304.14,13,0.0
2025-12-16,Home & Garden,Midwest,2403.06,33,80.33,10,86.67
2025-12-16,Home & Garden,West,2735.37,38,174.17,22,87.84
2025-12-16,Sports,Northeast,2319.22,34,152.15,18,0.0
2025-12-16,Sports,Southeast,1940.56,29,73.7,13,0.0
2025-12-16,Sports,Midwest,1764.03,26,97.96,9,0.0
2025-12-16,Sports,West,2268.59,34,237.48,12,0.0
2025-12-17,Electronics,Northeast,5786.01,28,431.73,11,0.0
2025-12-17,Electronics,Southeast,5136.3,25,464.77,8,0.0
2025-12-17,Electronics,Midwest,4842.9,24,165.67,12,0.0
2025-12-17,Electronics,West,6564.07,32,642.54,14,292.07
2025-12-17,Clothing,Northeast,3007.36,60,202.23,31,0.0
2025-12-17,Clothing,Southeast,2493.7,49,207.9,26,0.0
2025-12-17,Clothing,Midwest,2217.0,44,120.5,23,0.0
2025-12-17,Clothing,West,3316.72,66,221.97,34,0.0
2025-12-17,Home & Garden,Northeast,3552.7,49,354.64,18,163.93
2025-12-17,Home & Garden,Southeast,2749.43,38,254.86,17,65.05
2025-12-17,Home & Garden,Midwest,1952.17,27,49.12,16,0.0
2025-12-17,Home & Garden,West,2886.75,40,140.53,12,0.0
2025-12-17,Sports,Northeast,2737.39,41,130.81,13,117.41
2025-12-17,Sports,Southeast,1611.36,24,50.2,8,0.0
2025-12-17,Sports,Midwest,1548.82,23,100.15,12,54.27
2025-12-17,Sports,West,2186.73,32,218.54,17,0.0
2025-12-18,Electronics,Northeast,5002.56,25,172.62,14,124.05
2025-12-18,Electronics,Southeast,5987.17,29,580.98,10,0.0
2025-12-18,Electronics,Midwest,4747.63,23,195.06,11,0.0
2025-12-18,Electronics,West,5812.97,29,555.42,9,115.89
2025-12-18,Clothing,Northeast,3313.97,66,313.55,34,0.0
2025-12-18,Clothing,Southeast,2855.76,57,258.62,25,124.27
2025-12-18,Clothing,Midwest,2172.81,43,244.92,18,0.0
2025-12-18,Clothing,West,3909.53,78,345.16,24,0.0
2025-12-18,Home & Garden,Northeast,3164.91,44,365.92,18,0.0
2025-12-18,Home & Garden,Southeast,2858.36,40,152.91,15,93.52
2025-12-18,Home & Garden,Midwest,2152.04,30,209.43,15,0.0
2025-12-18,Home & Garden,West,2847.6,39,112.46,15,0.0
2025-12-18,Sports,Northeast,2092.72,31,156.45,15,0.0
2025-12-18,Sports,Southeast,1609.57,24,47.92,7,0.0
2025-12-18,Sports,Midwest,1597.98,23,77.23,8,7.35
2025-12-18,Sports,West,2585.88,38,221.51,20,0.0
2025-12-19,Electronics,Northeast,6331.4,31,574.94,10,0.0
2025-12-19,Electronics,Southeast,4259.81,21,364.81,11,0.0
2025-12-19,Electronics,Midwest,5340.9,26,585.36,13,124.7
2025-12-19,Electronics,West,6459.6,32,541.82,18,137.91
2025-12-19,Clothing,Northeast,4180.88,83,405.5,32,15.47
2025-12-19,Clothing,Southeast,3332.53,66,194.22,26,159.23
2025-12-19,Clothing,Midwest,2445.84,48,156.67,21,0.0
2025-12-19,Clothing,West,3445.6,68,130.4,30,132.43
2025-12-19,Home & Garden,Northeast,2662.06,37,224.5,21,0.0
2025-12-19,Home & Garden,Southeast,2103.29,29,57.4,13,46.89
2025-12-19,Home & Garden,Midwest,2606.86,36,90.94,17,0.0
2025-12-19,Home & Garden,West,2931.07,41,136.72,20,0.0
2025-12-19,Sports,Northeast,2471.65,37,176.82,21,0.0
2025-12-19,Sports,Southeast,1948.85,29,203.47,15,0.0
2025-12-19,Sports,Midwest,1828.89,27,37.18,15,0.0
2025-12-19,Sports,West,2184.22,32,167.58,18,0.0
2025-12-20,Electronics,Northeast,8367.33,41,502.55,20,0.0
2025-12-20,Electronics,Southeast,5435.73,27,399.32,15,124.92
2025-12-20,Electronics,Midwest,6473.63,32,548.83,11,124.35
2025-12-20,Electronics,West,6266.27,31,561.38,17,0.0
2025-12-20,Clothing,Northeast,4416.54,88,125.81,43,0.0
2025-12-20,Clothing,Southeast,3338.31,66,131.23,34,0.0
2025-12-20,Clothing,Midwest,3494.88,69,91.91,31,0.0
2025-12-20,Clothing,West,4348.24,86,449.72,37,0.0
2025-12-20,Home & Garden,Northeast,3177.79,44,81.37,23,18.78
2025-12-20,Home & Garden,Southeast,3649.23,51,316.5,22,0.0
2025-12-20,Home & Garden,Midwest,3362.88,47,117.35,22,0.0
2025-12-20,Home & Garden,West,2912.74,40,99.5,19,0.0
2025-12-20,Sports,Northeast,3641.69,54,89.51,27,31.36
2025-12-20,Sports,Southeast,2131.96,31,108.16,16,0.0
2025-12-20,Sports,Midwest,2031.77,30,160.72,16,50.5
2025-12-20,Sports,West,3202.26,48,134.68,25,0.0
2025-12-21,Electronics,Northeast,8771.95,43,1037.01,21,0.0
2025-12-21,Electronics,Southeast,7737.22,38,600.38,12,0.0
2025-12-21,Electronics,Midwest,6535.86,32,630.21,15,0.0
2025-12-21,Electronics,West,6065.33,30,206.97,12,0.0
2025-12-21,Clothing,Northeast,4779.98,95,305.28,54,23.89
2025-12-21,Clothing,Southeast,4441.89,88,360.88,46,108.15
2025-12-21,Clothing,Midwest,2816.91,56,106.88,18,0.0
2025-12-21,Clothing,West,4953.95,99,305.27,53,0.0
2025-12-21,Home & Garden,Northeast,4200.08,58,170.59,28,0.0
2025-12-21,Home & Garden,Southeast,3135.64,43,356.86,20,28.22
2025-12-21,Home & Garden,Midwest,2924.87,40,336.45,19,0.0
2025-12-21,Home & Garden,West,3357.43,47,68.68,17,89.01
2025-12-21,Sports,Northeast,2615.41,39,146.96,20,0.0
2025-12-21,Sports,Southeast,2308.05,34,223.96,16,22.36
2025-12-21,Sports,Midwest,2617.63,39,231.72,23,0.0
2025-12-21,Sports,West,2489.71,37,216.64,11,0.0
2025-12-22,Electronics,Northeast,5484.15,27,348.06,10,0.0
2025-12-22,Electronics,Southeast,5516.82,27,134.23,14,0.0
2025-12-22,Electronics,Midwest,3916.6,19,385.98,8,175.28
2025-12-22,Electronics,West,5987.09,29,474.6,11,202.62
2025-12-22,Clothing,Northeast,3348.99,66,327.86,26,123.54
2025-12-22,Clothing,Southeast,3443.86,68,198.21,24,0.0
2025-12-22,Clothing,Midwest,2683.16,53,292.6,18,0.0
2025-12-22,Clothing,West,3240.59,64,190.33,21,0.0
2025-12-22,Home & Garden,Northeast,3158.43,44,371.29,15,109.31
2025-12-22,Home & Garden,Southeast,2059.65,28,69.31,15,0.0
2025-12-22,Home & Garden,Midwest,1954.08,27,106.22,15,0.0
2025-12-22,Home & Garden,West,3068.5,42,257.14,20,148.84
2025-12-22,Sports,Northeast,2740.8,41,78.52,22,0.0
2025-12-22,Sports,Southeast,2396.53,35,189.7,19,87.48
2025-12-22,Sports,Midwest,1970.05,29,87.99,11,0.0
2025-12-22,Sports,West,2544.8,38,201.49,13,0.0
2025-12-23,Electronics,Northeast,4812.19,24,567.93,7,0.0
2025-12-23,Electronics,Southeast,5537.21,27,129.36,12,0.0
2025-12-23,Electronics,Midwest,5036.43,25,514.37,10,140.64
2025-12-23,Electronics,West,4427.33,22,412.53,12,65.48
2025-12-23,Clothing,Northeast,3812.6,76,110.84,33,0.0
2025-12-23,Clothing,Southeast,3243.97,64,343.19,33,73.77
2025-12-23,Clothing,Midwest,2993.58,59,321.57,24,0.0
2025-12-23,Clothing,West,3128.96,62,207.86,30,0.0
2025-12-23,Home & Garden,Northeast,2484.84,34,271.7,13,52.91
2025-12-23,Home & Garden,Southeast,2269.79,31,260.14,14,0.0
2025-12-23,Home & Garden,Midwest,2508.92,35,70.49,19,0.0
2025-12-23,Home & Garden,West,2260.29,31,258.88,15,0.0
2025-12-23,Sports,Northeast,2026.53,30,114.62,14,0.0
2025-12-23,Sports,Southeast,1740.21,26,132.05,8,0.0
2025-12-23,Sports,Midwest,1587.39,23,187.51,8,37.98
2025-12-23,Sports,West,2586.45,38,201.77,22,96.35
2025-12-24,Electronics,Northeast,5341.05,26,295.21,9,0.0
2025-12-24,Electronics,Southeast,4554.29,22,119.95,8,0.0
2025-12-24,Electronics,Midwest,4548.03,22,146.77,11,0.0
2025-12-24,Electronics,West,5572.28,27,274.3,13,0.0
2025-12-24,Clothing,Northeast,4241.33,84,427.86,48,189.14
2025-12-24,Clothing,Southeast,2949.45,58,82.63,33,141.08
2025-12-24,Clothing,Midwest,2278.11,45,108.42,22,0.0
2025-12-24,Clothing,West,3794.99,75,273.5,36,183.98
2025-12-24,Home & Garden,Northeast,3049.72,42,101.26,16,0.0
2025-12-24,Home & Garden,Southeast,2644.68,37,129.99,11,0.0
2025-12-24,Home & Garden,Midwest,2009.1,28,230.53,13,0.0
2025-12-24,Home & Garden,West,2577.07,36,218.03,14,0.0
2025-12-24,Sports,Northeast,2588.99,38,269.75,16,0.0
2025-12-24,Sports,Southeast,1705.56,25,168.74,8,41.3
2025-12-24,Sports,Midwest,2138.92,32,207.42,10,0.0
2025-12-24,Sports,West,2161.22,32,79.18,18,0.0
2025-12-25,Electronics,Northeast,5484.59,27,643.46,14,0.0
2025-12-25,Electronics,Southeast,5332.71,26,188.5,9,84.42
2025-12-25,Electronics,Midwest,3827.65,19,176.23,6,0.0
2025-12-25,Electronics,West,4476.32,22,231.4,8,0.0
2025-12-25,Clothing,Northeast,3657.41,73,132.62,28,0.0
2025-12-25,Clothing,Southeast,2885.47,57,201.81,19,0.0
2025-12-25,Clothing,Midwest,2505.84,50,51.19,26,0.0
2025-12-25,Clothing,West,3077.29,61,278.63,26,145.25
2025-12-25,Home & Garden,Northeast,3576.83,50,276.75,17,0.0
2025-12-25,Home & Garden,Southeast,2906.88,40,186.65,20,0.0
2025-12-25,Home & Garden,Midwest,2610.16,36,88.59,16,0.0
2025-12-25,Home & Garden,West,2641.79,36,274.98,15,7.27
2025-12-25,Sports,Northeast,2535.66,38,198.65,13,0.0
2025-12-25,Sports,Southeast,1822.34,27,40.56,12,0.0
2025-12-25,Sports,Midwest,1923.52,28,55.28,12,30.56
2025-12-25,Sports,West,2292.47,34,262.12,19,0.0
2025-12-26,Electronics,Northeast,5155.07,25,543.24,10,0.0
2025-12-26,Electronics,Southeast,4569.3,22,251.93,13,0.0
2025-12-26,Electronics,Midwest,3757.68,18,348.66,7,0.0
2025-12-26,Electronics,West,6168.11,30,301.39,16,0.0
2025-12-26,Clothing,Northeast,3490.32,69,382.69,23,0.0
2025-12-26,Clothing,Southeast,2503.29,50,102.08,22,0.0
2025-12-26,Clothing,Midwest,3225.57,64,85.84,37,0.0
2025-12-26,Clothing,West,2756.75,55,168.01,31,0.0
2025-12-26,Home & Garden,Northeast,3066.98,42,279.17,22,28.52
2025-12-26,Home & Garden,Southeast,2381.77,33,179.55,10,0.0
2025-12-26,Home & Garden,Midwest,2551.13,35,128.56,16,0.0
2025-12-26,Home & Garden,West,2229.52,31,45.14,11,0.0
2025-12-26,Sports,Northeast,2720.87,40,182.99,19,0.0
2025-12-26,Sports,Southeast,1933.73,29,133.79,14,11.54
2025-12-26,Sports,Midwest,1639.6,24,195.82,7,0.0
2025-12-26,Sports,West,2271.34,34,173.89,19,0.0
2025-12-27,Electronics,Northeast,7725.25,38,690.83,12,0.0
2025-12-27,Electronics,Southeast,6695.69,33,699.89,11,107.02
2025-12-27,Electronics,Midwest,6735.26,33,225.97,11,141.28
2025-12-27,Electronics,West,8328.62,41,463.06,15,0.0
2025-12-27,Clothing,Northeast,5496.79,109,392.4,57,25.97
2025-12-27,Clothing,Southeast,4294.1,85,319.36,47,0.0
2025-12-27,Clothing,Midwest,3769.69,75,188.89,37,0.0
2025-12-27,Clothing,West,3596.45,71,280.54,38,93.18
2025-12-27,Home & Garden,Northeast,3701.9,51,253.54,20,0.0
2025-12-27,Home & Garden,Southeast,2733.14,38,96.9,13,122.59
2025-12-27,Home & Garden,Midwest,3057.71,42,315.38,19,0.0
2025-12-27,Home & Garden,West,3648.09,51,348.87,17,0.0
2025-12-27,Sports,Northeast,2591.35,38,264.02,21,0.0
2025-12-27,Sports,Southeast,2404.04,36,135.24,19,0.0
2025-12-27,Sports,Midwest,2431.4,36,234.29,14,0.0
2025-12-27,Sports,West,2320.9,34,235.47,12,0.0
2025-12-28,Electronics,Northeast,6684.16,33,285.13,11,26.27
2025-12-28,Electronics,Southeast,6996.13,34,688.44,10,0.0
2025-12-28,Electronics,Midwest,6452.16,32,156.48,10,0.0
2025-12-28,Electronics,West,7188.55,35,186.37,11,23.81
2025-12-28,Clothing,Northeast,4993.72,99,476.68,52,0.0
2025-12-28,Clothing,Southeast,3440.43,68,378.85,24,0.0
2025-12-28,Clothing,Midwest,2935.45,58,307.01,33,0.0
2025-12-28,Clothing,West,4028.89,80,145.26,36,0.0
2025-12-28,Home & Garden,Northeast,3497.24,48,269.37,15,0.0
2025-12-28,Home & Garden,Southeast,2618.18,36,109.18,12,118.04
2025-12-28,Home & Garden,Midwest,2968.44,41,348.37,13,74.83
2025-12-28,Home & Garden,West,3872.09,54,219.34,25,0.0
2025-12-28,Sports,Northeast,3691.27,55,140.58,22,0.0
2025-12-28,Sports,Southeast,2302.84,34,98.46,11,0.0
2025-12-28,Sports,Midwest,1987.7,29,61.68,9,0.0
2025-12-28,Sports,West,3094.21,46,234.27,14,0.0
2025-12-29,Electronics,Northeast,5077.73,25,245.56,12,0.0
2025-12-29,Electronics,Southeast,5952.36,29,383.31,13,254.57
2025-12-29,Electronics,Midwest,3939.81,19,106.22,10,0.0
2025-12-29,Electronics,West,5894.09,29,223.56,17,0.0
2025-12-29,Clothing,Northeast,3031.45,60,193.42,29,21.73
2025-12-29,Clothing,Southeast,2880.75,57,227.74,18,0.0
2025-12-29,Clothing,Midwest,3216.08,64,85.13,37,0.0
2025-12-29,Clothing,West,3425.35,68,407.84,22,0.0
2025-12-29,Home & Garden,Northeast,3270.24,45,156.49,23,0.0
2025-12-29,Home & Garden,Southeast,2272.97,31,224.91,15,0.0
2025-12-29,Home & Garden,Midwest,2228.24,31,178.96,13,0.0
2025-12-29,Home & Garden,West,2506.78,35,242.66,11,62.33
2025-12-29,Sports,Northeast,2523.24,37,84.43,12,8.61
2025-12-29,Sports,Southeast,2142.49,32,251.12,13,0.0
2025-12-29,Sports,Midwest,1549.97,23,127.4,7,58.25
2025-12-29,Sports,West,2435.46,36,241.78,12,0.0
